
-- --------------------------------------------------------

--
-- Table structure for table `Class`
--

CREATE TABLE `Class` (
  `classid` bigint(20) NOT NULL,
  `classname` varchar(255) NOT NULL
) ENGINE=MyISAM DEFAULT CHARSET=latin1 COLLATE=latin1_swedish_ci;

--
-- Dumping data for table `Class`
--

INSERT INTO `Class` (`classid`, `classname`) VALUES
(0, 'Scion'),
(1, 'Marauder'),
(2, 'Ranger'),
(3, 'Witch'),
(4, 'Duelist'),
(5, 'Templar'),
(6, 'Shadow');

-- --------------------------------------------------------

--
-- Table structure for table `GemReward`
--

CREATE TABLE `GemReward` (
  `gemid` bigint(20) NOT NULL,
  `classid` bigint(20) NOT NULL,
  `questid` bigint(20) NOT NULL
) ENGINE=MyISAM DEFAULT CHARSET=latin1 COLLATE=latin1_swedish_ci;

--
-- Dumping data for table `GemReward`
--

INSERT INTO `GemReward` (`gemid`, `classid`, `questid`) VALUES
(264, 0, 111),
(7, 0, 111),
(134, 0, 111),
(135, 0, 111),
(5, 1, 111),
(7, 1, 111),
(120, 2, 111),
(128, 2, 111),
(129, 2, 111),
(130, 2, 111),
(134, 2, 111),
(257, 3, 111),
(261, 3, 111),
(263, 3, 111),
(264, 3, 111),
(266, 3, 111),
(267, 3, 111),
(2, 4, 111),
(129, 4, 111),
(7, 4, 111),
(8, 4, 111),
(135, 4, 111),
(262, 5, 111),
(264, 5, 111),
(7, 5, 111),
(265, 5, 111),
(267, 5, 111),
(11, 5, 111),
(257, 6, 111),
(122, 6, 111),
(126, 6, 111),
(127, 6, 111),
(261, 6, 111),
(269, 6, 111),
(138, 0, 113),
(139, 0, 1135),
(15, 0, 113),
(273, 0, 113),
(275, 0, 1135),
(21, 0, 1135),
(22, 0, 113),
(13, 1, 113),
(15, 1, 113),
(18, 1, 113),
(21, 1, 1135),
(22, 1, 113),
(138, 2, 113),
(139, 2, 1135),
(142, 2, 113),
(143, 2, 113),
(144, 2, 113),
(270, 3, 113),
(140, 3, 113),
(272, 3, 113),
(273, 3, 113),
(275, 3, 1135),
(277, 3, 113),
(281, 3, 113),
(13, 4, 113),
(14, 4, 113),
(139, 4, 1135),
(15, 4, 113),
(142, 4, 113),
(21, 4, 1135),
(22, 4, 113),
(23, 4, 113),
(13, 5, 113),
(272, 5, 113),
(273, 5, 113),
(275, 5, 1135),
(17, 5, 113),
(21, 5, 1135),
(279, 5, 113),
(22, 5, 113),
(138, 6, 113),
(270, 6, 113),
(139, 6, 1135),
(140, 6, 113),
(275, 6, 1135),
(277, 6, 113),
(143, 6, 113),
(12, 0, 112),
(256, 0, 112),
(1, 0, 112),
(121, 0, 112),
(258, 0, 112),
(132, 0, 112),
(9, 0, 112),
(278, 0, 112),
(280, 0, 112),
(146, 0, 112),
(12, 1, 112),
(1, 1, 112),
(423, 1, 112),
(121, 2, 112),
(141, 2, 112),
(423, 2, 112),
(146, 2, 112),
(121, 3, 112),
(258, 3, 112),
(276, 3, 112),
(278, 3, 112),
(280, 3, 112),
(12, 4, 112),
(121, 4, 112),
(141, 4, 112),
(423, 4, 112),
(132, 4, 112),
(9, 4, 112),
(146, 4, 112),
(12, 5, 112),
(256, 5, 112),
(1, 5, 112),
(276, 5, 112),
(423, 5, 112),
(9, 5, 112),
(278, 5, 112),
(258, 6, 112),
(276, 6, 112),
(423, 6, 112),
(132, 6, 112),
(278, 6, 112),
(145, 6, 112),
(146, 6, 112),
(147, 0, 1145),
(24, 0, 1145),
(282, 0, 1145),
(156, 0, 114),
(292, 0, 114),
(36, 0, 114),
(152, 0, 1145),
(29, 0, 114),
(31, 0, 1145),
(289, 0, 1145),
(163, 0, 114),
(24, 1, 1145),
(34, 1, 114),
(35, 1, 114),
(36, 1, 114),
(29, 1, 114),
(31, 1, 1145),
(37, 1, 114),
(38, 1, 114),
(147, 2, 1145),
(149, 2, 1145),
(156, 2, 114),
(152, 2, 1145),
(31, 2, 1145),
(159, 2, 114),
(160, 2, 114),
(155, 2, 1145),
(162, 2, 114),
(282, 3, 1145),
(290, 3, 114),
(291, 3, 114),
(284, 3, 1145),
(285, 3, 1145),
(292, 3, 114),
(287, 3, 1145),
(293, 3, 114),
(288, 3, 1145),
(295, 3, 114),
(289, 3, 1145),
(155, 3, 1145),
(296, 3, 114),
(24, 4, 1145),
(156, 4, 114),
(34, 4, 114),
(35, 4, 114),
(36, 4, 114),
(152, 4, 1145),
(29, 4, 114),
(30, 4, 1145),
(31, 4, 1145),
(159, 4, 114),
(38, 4, 114),
(162, 4, 114),
(24, 5, 1145),
(282, 5, 1145),
(291, 5, 114),
(284, 5, 1145),
(292, 5, 114),
(36, 5, 114),
(29, 5, 114),
(31, 5, 1145),
(38, 5, 114),
(147, 6, 1145),
(282, 6, 1145),
(291, 6, 114),
(292, 6, 114),
(152, 6, 1145),
(153, 6, 1145),
(294, 6, 114),
(160, 6, 114),
(161, 6, 114),
(155, 6, 1145),
(162, 6, 114),
(163, 6, 114),
(166, 0, 115),
(304, 0, 115),
(173, 0, 115),
(311, 0, 115),
(45, 0, 115),
(314, 0, 115),
(40, 1, 115),
(41, 1, 115),
(43, 1, 115),
(45, 1, 115),
(46, 1, 115),
(47, 1, 115),
(167, 2, 115),
(170, 2, 115),
(264, 2, 115),
(173, 2, 115),
(174, 2, 115),
(176, 2, 115),
(178, 2, 115),
(297, 3, 115),
(300, 3, 115),
(301, 3, 115),
(303, 3, 115),
(304, 3, 115),
(311, 3, 115),
(313, 3, 115),
(314, 3, 115),
(180, 3, 115),
(317, 3, 115),
(41, 4, 115),
(169, 4, 115),
(173, 4, 115),
(175, 4, 115),
(47, 4, 115),
(304, 5, 115),
(311, 5, 115),
(44, 5, 115),
(45, 5, 115),
(313, 5, 115),
(314, 5, 115),
(315, 5, 115),
(317, 5, 115),
(166, 6, 115),
(301, 6, 115),
(168, 6, 115),
(304, 6, 115),
(306, 6, 115),
(308, 6, 115),
(174, 6, 115),
(179, 6, 115),
(180, 6, 115),
(181, 0, 211),
(186, 0, 211),
(52, 0, 211),
(188, 0, 211),
(322, 0, 211),
(48, 1, 211),
(52, 1, 211),
(188, 1, 211),
(322, 1, 211),
(54, 1, 211),
(181, 2, 211),
(183, 2, 211),
(185, 2, 211),
(186, 2, 211),
(187, 2, 211),
(52, 2, 211),
(188, 2, 211),
(322, 2, 211),
(318, 3, 211),
(181, 3, 211),
(319, 3, 211),
(320, 3, 211),
(184, 3, 211),
(52, 3, 211),
(188, 3, 211),
(322, 3, 211),
(48, 4, 211),
(183, 4, 211),
(51, 4, 211),
(186, 4, 211),
(52, 4, 211),
(188, 4, 211),
(322, 4, 211),
(54, 4, 211),
(318, 5, 211),
(319, 5, 211),
(52, 5, 211),
(188, 5, 211),
(53, 5, 211),
(322, 5, 211),
(326, 5, 211),
(318, 6, 211),
(181, 6, 211),
(182, 6, 211),
(183, 6, 211),
(320, 6, 211),
(187, 6, 211),
(52, 6, 211),
(188, 6, 211),
(322, 6, 211),
(324, 6, 211),
(327, 0, 212),
(192, 0, 212),
(59, 0, 212),
(193, 0, 1145),
(330, 0, 212),
(63, 0, 212),
(197, 0, 212),
(190, 1, 212),
(59, 1, 212),
(193, 6, 1145),
(63, 1, 212),
(64, 1, 212),
(65, 1, 212),
(190, 2, 212),
(59, 2, 212),
(193, 4, 1145),
(337, 2, 212),
(197, 2, 212),
(327, 3, 212),
(328, 3, 212),
(329, 3, 212),
(330, 3, 212),
(333, 3, 212),
(336, 3, 212),
(337, 3, 212),
(190, 4, 212),
(59, 4, 212),
(193, 2, 1145),
(63, 4, 212),
(64, 4, 212),
(337, 4, 212),
(197, 4, 212),
(327, 5, 212),
(328, 5, 212),
(59, 5, 212),
(329, 5, 212),
(330, 5, 212),
(63, 5, 212),
(65, 5, 212),
(192, 6, 212),
(329, 6, 212),
(193, 1, 1145),
(330, 6, 212),
(63, 6, 212),
(194, 6, 212),
(196, 6, 212),
(66, 0, 311),
(339, 0, 311),
(340, 0, 311),
(347, 0, 311),
(348, 0, 311),
(200, 0, 311),
(349, 0, 311),
(72, 0, 311),
(205, 0, 311),
(353, 0, 311),
(354, 0, 311),
(66, 1, 311),
(68, 1, 311),
(70, 1, 311),
(71, 1, 311),
(73, 1, 311),
(74, 1, 311),
(77, 1, 311),
(78, 1, 311),
(342, 2, 311),
(198, 2, 311),
(200, 2, 311),
(72, 2, 311),
(202, 4, 211),
(204, 4, 113),
(339, 3, 311),
(340, 3, 311),
(341, 3, 311),
(342, 3, 311),
(343, 3, 311),
(347, 3, 311),
(348, 3, 311),
(349, 3, 311),
(350, 3, 311),
(352, 3, 311),
(205, 3, 311),
(354, 3, 311),
(69, 4, 311),
(198, 4, 311),
(200, 4, 311),
(72, 4, 311),
(202, 2, 211),
(73, 4, 311),
(74, 4, 311),
(76, 4, 311),
(78, 4, 311),
(79, 4, 211),
(340, 5, 311),
(347, 5, 311),
(348, 5, 311),
(79, 1, 211),
(354, 5, 311),
(338, 6, 211),
(339, 6, 311),
(340, 6, 311),
(342, 6, 311),
(347, 6, 311),
(348, 6, 311),
(200, 6, 311),
(349, 6, 311),
(201, 6, 311),
(205, 6, 311),
(353, 6, 311),
(207, 0, 312),
(208, 0, 312),
(210, 0, 312),
(212, 0, 312),
(360, 0, 312),
(363, 0, 312),
(89, 0, 312),
(372, 0, 312),
(91, 0, 312),
(223, 0, 312),
(88, 1, 312),
(80, 1, 312),
(212, 1, 312),
(86, 1, 312),
(87, 1, 312),
(91, 1, 312),
(206, 2, 312),
(207, 2, 312),
(209, 2, 312),
(210, 2, 312),
(219, 2, 312),
(223, 2, 312),
(224, 2, 312),
(355, 3, 312),
(356, 3, 312),
(211, 3, 312),
(244, 6, 411),
(362, 3, 312),
(363, 3, 312),
(364, 3, 312),
(366, 3, 312),
(244, 2, 411),
(370, 3, 312),
(372, 3, 312),
(373, 3, 312),
(214, 2, 312),
(221, 4, 312),
(82, 4, 312),
(209, 4, 312),
(210, 4, 312),
(212, 4, 312),
(87, 4, 312),
(217, 4, 312),
(355, 5, 312),
(84, 5, 312),
(360, 5, 312),
(85, 5, 312),
(362, 5, 312),
(363, 5, 312),
(87, 5, 312),
(368, 5, 312),
(371, 5, 312),
(90, 5, 312),
(373, 5, 312),
(356, 6, 312),
(207, 6, 312),
(208, 6, 312),
(210, 6, 312),
(211, 6, 312),
(215, 6, 312),
(367, 6, 312),
(218, 6, 312),
(369, 6, 312),
(220, 6, 312),
(372, 6, 312),
(92, 0, 313),
(93, 0, 313),
(227, 0, 313),
(383, 0, 313),
(96, 0, 313),
(97, 0, 313),
(233, 0, 313),
(387, 0, 313),
(388, 0, 313),
(102, 0, 313),
(390, 0, 313),
(92, 1, 313),
(93, 1, 313),
(97, 1, 313),
(234, 1, 313),
(99, 1, 313),
(102, 1, 313),
(103, 1, 313),
(104, 1, 313),
(228, 2, 313),
(231, 2, 313),
(97, 2, 313),
(232, 2, 313),
(233, 2, 313),
(234, 2, 313),
(102, 2, 313),
(236, 2, 313),
(378, 3, 313),
(379, 3, 313),
(94, 3, 313),
(227, 3, 313),
(383, 3, 313),
(384, 3, 313),
(96, 3, 313),
(388, 3, 313),
(390, 3, 313),
(391, 3, 313),
(238, 3, 313),
(393, 3, 313),
(92, 4, 313),
(93, 4, 313),
(97, 4, 313),
(232, 4, 313),
(234, 4, 313),
(102, 4, 313),
(103, 4, 313),
(104, 4, 313),
(378, 5, 313),
(92, 5, 313),
(379, 5, 313),
(94, 5, 313),
(227, 5, 313),
(383, 5, 313),
(384, 5, 313),
(96, 5, 313),
(97, 5, 313),
(388, 5, 313),
(390, 5, 313),
(391, 5, 313),
(103, 5, 313),
(393, 5, 313),
(378, 6, 313),
(380, 6, 313),
(226, 6, 313),
(227, 6, 313),
(228, 6, 313),
(383, 6, 313),
(229, 6, 313),
(385, 6, 313),
(233, 6, 313),
(387, 6, 313),
(390, 6, 313),
(236, 6, 313),
(238, 6, 313),
(399, 0, 411),
(400, 0, 411),
(109, 0, 411),
(242, 0, 411),
(401, 0, 411),
(110, 0, 411),
(105, 1, 411),
(400, 1, 411),
(109, 1, 411),
(242, 1, 411),
(401, 1, 411),
(110, 1, 411),
(400, 2, 411),
(109, 2, 411),
(242, 2, 411),
(401, 2, 411),
(110, 2, 411),
(396, 3, 411),
(399, 3, 411),
(400, 3, 411),
(109, 3, 411),
(242, 3, 411),
(401, 3, 411),
(110, 3, 411),
(400, 4, 411),
(109, 4, 411),
(242, 4, 411),
(401, 4, 411),
(110, 4, 411),
(396, 5, 411),
(399, 5, 411),
(400, 5, 411),
(109, 5, 411),
(242, 5, 411),
(401, 5, 411),
(110, 5, 411),
(396, 6, 411),
(400, 6, 411),
(109, 6, 411),
(242, 6, 411),
(401, 6, 411),
(110, 6, 411),
(246, 0, 412),
(249, 0, 412),
(407, 0, 412),
(251, 0, 412),
(252, 0, 412),
(410, 0, 412),
(411, 0, 412),
(118, 0, 412),
(413, 0, 412),
(414, 0, 412),
(112, 1, 412),
(249, 1, 412),
(116, 1, 412),
(251, 1, 412),
(411, 1, 412),
(117, 1, 412),
(118, 1, 412),
(413, 1, 412),
(246, 2, 412),
(249, 2, 412),
(251, 2, 412),
(252, 2, 412),
(411, 2, 412),
(118, 2, 412),
(413, 2, 412),
(255, 2, 412),
(403, 3, 412),
(404, 3, 412),
(249, 3, 412),
(407, 3, 412),
(251, 3, 412),
(410, 3, 412),
(411, 3, 412),
(419, 1, 115),
(118, 3, 412),
(413, 3, 412),
(414, 3, 412),
(246, 4, 412),
(249, 4, 412),
(116, 4, 412),
(251, 4, 412),
(252, 4, 412),
(411, 4, 412),
(118, 4, 412),
(413, 4, 412),
(403, 5, 412),
(249, 5, 412),
(116, 5, 412),
(251, 5, 412),
(409, 5, 412),
(411, 5, 412),
(117, 5, 412),
(118, 5, 412),
(413, 5, 412),
(414, 5, 412),
(246, 6, 412),
(404, 6, 412),
(249, 6, 412),
(250, 6, 412),
(251, 6, 412),
(252, 6, 412),
(411, 6, 412),
(412, 6, 412),
(118, 6, 412),
(413, 6, 412),
(414, 6, 412),
(254, 6, 412),
(255, 6, 412),
(57, 0, 212),
(57, 1, 212),
(57, 3, 212),
(57, 4, 212),
(57, 5, 212),
(49, 0, 211),
(49, 1, 211),
(49, 4, 211),
(50, 4, 211),
(39, 5, 115),
(67, 5, 211),
(365, 3, 312),
(365, 6, 312),
(357, 3, 312),
(374, 3, 312),
(361, 3, 312),
(239, 6, 411),
(106, 0, 411),
(398, 0, 411),
(240, 0, 411),
(402, 5, 411),
(402, 3, 411),
(402, 6, 411),
(402, 0, 411),
(395, 5, 411),
(395, 3, 411),
(395, 6, 411),
(395, 0, 411),
(397, 5, 411),
(397, 3, 411),
(111, 1, 412),
(111, 4, 412),
(115, 1, 412),
(177, 0, 115),
(172, 2, 115),
(98, 0, 313),
(98, 1, 313),
(98, 3, 313),
(98, 5, 313),
(225, 0, 313),
(225, 2, 313),
(225, 3, 313),
(225, 6, 313),
(415, 2, 311),
(418, 3, 212),
(416, 3, 211),
(417, 3, 312),
(10, 1, 111),
(421, 5, 411),
(422, 3, 412),
(298, 5, 115),
(298, 3, 115),
(72, 1, 311),
(424, 2, 1145),
(132, 2, 112),
(426, 2, 411),
(204, 2, 113);

-- --------------------------------------------------------

--
-- Table structure for table `Gems`
--

CREATE TABLE `Gems` (
  `gemid` bigint(20) NOT NULL,
  `gemName` varchar(255) NOT NULL,
  `Cost` int(11) NOT NULL,
  `Currency` varchar(255) NOT NULL,
  `Color` varchar(255) DEFAULT NULL
) ENGINE=MyISAM DEFAULT CHARSET=latin1 COLLATE=latin1_swedish_ci;

--
-- Dumping data for table `Gems`
--

INSERT INTO `Gems` (`gemid`, `gemName`, `Cost`, `Currency`, `Color`) VALUES
(306, 'Icicle Mine', 1, 'Orb of Transmutation', '#1E90FF'),
(305, 'Ice Spear', 1, 'Orb of Transmutation', '#1E90FF'),
(304, 'Ice Nova', 1, 'Orb of Transmutation', '#1E90FF'),
(303, 'Flesh Offering', 1, 'Orb of Transmutation', '#1E90FF'),
(302, 'Flame Surge', 1, 'Orb of Transmutation', '#1E90FF'),
(301, 'Essence Drain', 1, 'Orb of Transmutation', '#1E90FF'),
(300, 'Creeping Frost', 1, 'Orb of Transmutation', '#1E90FF'),
(299, 'Bone Offering', 1, 'Orb of Transmutation', '#1E90FF'),
(298, 'Blazing Salvo', 1, 'Orb of Transmutation', '#1E90FF'),
(297, 'Arc', 1, 'Orb of Transmutation', '#1E90FF'),
(296, 'Wither', 1, 'Orb of Transmutation', '#1E90FF'),
(295, 'Summon Skeletons', 1, 'Orb of Transmutation', '#1E90FF'),
(294, 'Siphoning Trap', 1, 'Orb of Transmutation', '#1E90FF'),
(293, 'Lightning Warp', 1, 'Orb of Transmutation', '#1E90FF'),
(292, 'Flame Dash', 1, 'Orb of Transmutation', '#1E90FF'),
(291, 'Clarity', 1, 'Orb of Transmutation', '#1E90FF'),
(290, 'Bodyswap', 1, 'Orb of Transmutation', '#1E90FF'),
(289, 'Unbound Ailments Support', 1, 'Orb of Transmutation', '#1E90FF'),
(288, 'Minion Damage Support', 1, 'Orb of Transmutation', '#1E90FF'),
(287, 'Infernal Legion Support', 1, 'Orb of Transmutation', '#1E90FF'),
(286, 'Increased Critical Strikes Support', 1, 'Orb of Transmutation', '#1E90FF'),
(285, 'Efficacy Support', 1, 'Orb of Transmutation', '#1E90FF'),
(284, 'Combustion Support', 1, 'Orb of Transmutation', '#1E90FF'),
(283, 'Blastchain Mine Support', 1, 'Orb of Transmutation', '#1E90FF'),
(282, 'Added Lightning Damage Support', 1, 'Orb of Transmutation', '#1E90FF'),
(281, 'Summon Raging Spirit', 1, 'Scroll of Wisdom', '#1E90FF'),
(280, 'Summon Phantasm Support', 1, 'Scroll of Wisdom', '#1E90FF'),
(279, 'Summon Holy Relic', 1, 'Scroll of Wisdom', '#1E90FF'),
(278, 'Spell Cascade Support', 1, 'Scroll of Wisdom', '#1E90FF'),
(277, 'Orb of Storms', 1, 'Scroll of Wisdom', '#1E90FF'),
(276, 'Infused Channelling Support', 1, 'Scroll of Wisdom', '#1E90FF'),
(275, 'Frostblink', 1, 'Scroll of Wisdom', '#1E90FF'),
(274, 'Frost Wall', 1, 'Scroll of Wisdom', '#1E90FF'),
(273, 'Frost Bomb', 1, 'Scroll of Wisdom', '#1E90FF'),
(272, 'Flame Wall', 1, 'Scroll of Wisdom', '#1E90FF'),
(271, 'Conversion Trap', 1, 'Scroll of Wisdom', '#1E90FF'),
(270, 'Contagion', 1, 'Scroll of Wisdom', '#1E90FF'),
(269, 'Stormblast Mine', 1, 'Scroll of Wisdom', '#1E90FF'),
(268, 'Spark', 1, 'Scroll of Wisdom', '#1E90FF'),
(267, 'Rolling Magma', 1, 'Scroll of Wisdom', '#1E90FF'),
(266, 'Raise Zombie', 1, 'Scroll of Wisdom', '#1E90FF'),
(265, 'Purifying Flame', 1, 'Scroll of Wisdom', '#1E90FF'),
(264, 'Lightning Tendrils', 1, 'Scroll of Wisdom', '#1E90FF'),
(263, 'Kinetic Bolt', 1, 'Scroll of Wisdom', '#1E90FF'),
(262, 'Frostbolt', 1, 'Scroll of Wisdom', '#1E90FF'),
(261, 'Freezing Pulse', 1, 'Scroll of Wisdom', '#1E90FF'),
(260, 'Fireball', 1, 'Scroll of Wisdom', '#1E90FF'),
(259, 'Enlighten Support', 1, 'Scroll of Wisdom', '#1E90FF'),
(258, 'Elemental Proliferation Support', 1, 'Scroll of Wisdom', '#1E90FF'),
(257, 'Blight', 1, 'Scroll of Wisdom', '#1E90FF'),
(256, 'Arcane Surge Support', 1, 'Scroll of Wisdom', '#1E90FF'),
(255, 'Withering Touch Support', 1, 'Orb of Alchemy', '#32CD32'),
(254, 'Vile Toxins Support', 1, 'Orb of Alchemy', '#32CD32'),
(253, 'Mark On Hit Support', 1, 'Orb of Alchemy', '#32CD32'),
(252, 'Greater Volley Support', 1, 'Orb of Alchemy', '#32CD32'),
(251, 'Greater Multiple Projectiles Support', 1, 'Orb of Alchemy', '#32CD32'),
(250, 'Cluster Traps Support', 1, 'Orb of Alchemy', '#32CD32'),
(249, 'Chain Support', 1, 'Orb of Alchemy', '#32CD32'),
(248, 'Cast on Death Support', 1, 'Orb of Alchemy', '#32CD32'),
(247, 'Cast On Critical Strike Support', 1, 'Orb of Alchemy', '#32CD32'),
(246, 'Barrage Support', 1, 'Orb of Alchemy', '#32CD32'),
(245, 'Vampiric Link', 1, 'Orb of Chance', '#32CD32'),
(244, 'Tornado', 1, 'Orb of Chance', '#32CD32'),
(243, 'Temporal Rift', 1, 'Orb of Chance', '#32CD32'),
(242, 'Summon Ice Golem', 1, 'Orb of Chance', '#32CD32'),
(241, 'Phase Run', 1, 'Orb of Chance', '#32CD32'),
(240, 'Intuitive Link', 1, 'Orb of Chance', '#32CD32'),
(239, 'Ambush', 1, 'Orb of Chance', '#32CD32'),
(238, 'Swift Affliction Support', 1, 'Orb of Chance', '#32CD32'),
(237, 'Slower Projectiles Support', 1, 'Orb of Chance', '#32CD32'),
(236, 'Second Wind Support', 1, 'Orb of Chance', '#32CD32'),
(235, 'Mana Leech Support', 1, 'Orb of Chance', '#32CD32'),
(234, 'Impale Support', 1, 'Orb of Chance', '#32CD32'),
(233, 'Ice Bite Support', 1, 'Orb of Chance', '#32CD32'),
(232, 'Hypothermia Support', 1, 'Orb of Chance', '#32CD32'),
(231, 'Fork Support', 1, 'Orb of Chance', '#32CD32'),
(230, 'Focused Ballista Support', 1, 'Orb of Chance', '#32CD32'),
(229, 'Faster Projectiles Support', 1, 'Orb of Chance', '#32CD32'),
(228, 'Critical Strike Affliction Support', 1, 'Orb of Chance', '#32CD32'),
(227, 'Cold Penetration Support', 1, 'Orb of Chance', '#32CD32'),
(226, 'Charged Traps Support', 1, 'Orb of Chance', '#32CD32'),
(225, 'Advanced Traps Support', 1, 'Orb of Chance', '#32CD32'),
(224, 'Wild Strike', 1, 'Orb of Chance', '#32CD32'),
(223, 'Tornado Shot', 1, 'Orb of Chance', '#32CD32'),
(222, 'Storm Rain', 1, 'Orb of Chance', '#32CD32'),
(221, 'Spectral Shield Throw', 1, 'Orb of Chance', '#32CD32'),
(220, 'Seismic Trap', 1, 'Orb of Chance', '#32CD32'),
(219, 'Scourge Arrow', 1, 'Orb of Chance', '#32CD32'),
(218, 'Pestilent Strike', 1, 'Orb of Chance', '#32CD32'),
(217, 'Lancing Steel', 1, 'Orb of Chance', '#32CD32'),
(216, 'Ice Trap', 1, 'Orb of Chance', '#32CD32'),
(215, 'Flamethrower Trap', 1, 'Orb of Chance', '#32CD32'),
(214, 'Explosive Concoction', 1, 'Orb of Chance', '#32CD32'),
(213, 'Explosive Arrow', 1, 'Orb of Chance', '#32CD32'),
(212, 'Cyclone', 1, 'Orb of Chance', '#32CD32'),
(211, 'Cremation', 1, 'Orb of Chance', '#32CD32'),
(210, 'Charged Dash', 1, 'Orb of Chance', '#32CD32'),
(209, 'Blast Rain', 1, 'Orb of Chance', '#32CD32'),
(208, 'Bladefall', 1, 'Orb of Chance', '#32CD32'),
(207, 'Blade Flurry', 1, 'Orb of Chance', '#32CD32'),
(206, 'Artillery Ballista', 1, 'Orb of Chance', '#32CD32'),
(205, 'Temporal Chains', 1, 'Orb of Alteration', '#32CD32'),
(204, 'Snipers Mark', 1, 'Orb of Alteration', '#32CD32'),
(203, 'Purity of Ice', 1, 'Orb of Alteration', '#32CD32'),
(202, 'Poachers Mark', 1, 'Orb of Alteration', '#32CD32'),
(201, 'Plague Bearer', 1, 'Orb of Alteration', '#32CD32'),
(200, 'Hatred', 1, 'Orb of Alteration', '#32CD32'),
(199, 'Haste', 1, 'Orb of Alteration', '#32CD32'),
(198, 'Grace', 1, 'Orb of Alteration', '#32CD32'),
(197, 'Vicious Projectiles Support', 1, 'Orb of Alteration', '#32CD32'),
(196, 'Trap and Mine Damage Support', 1, 'Orb of Alteration', '#32CD32'),
(195, 'Point Blank Support', 1, 'Orb of Alteration', '#32CD32'),
(194, 'Nightblade Support', 1, 'Orb of Alteration', '#32CD32'),
(193, 'Faster Attacks Support', 1, 'Orb of Alteration', '#32CD32'),
(192, 'Deadly Ailments Support', 1, 'Orb of Alteration', '#32CD32'),
(191, 'Culling Strike Support', 1, 'Orb of Alteration', '#32CD32'),
(190, 'Close Combat Support', 1, 'Orb of Alteration', '#32CD32'),
(189, 'Block Chance Reduction Support', 1, 'Orb of Alteration', '#32CD32'),
(188, 'Herald of Ice', 1, 'Orb of Alteration', '#32CD32'),
(187, 'Herald of Agony', 1, 'Orb of Alteration', '#32CD32'),
(186, 'Frenzy', 1, 'Orb of Alteration', '#32CD32'),
(185, 'Ensnaring Arrow', 1, 'Orb of Alteration', '#32CD32'),
(184, 'Desecrate', 1, 'Orb of Alteration', '#32CD32'),
(183, 'Blood Rage', 1, 'Orb of Alteration', '#32CD32'),
(182, 'Blade Blast', 1, 'Orb of Alteration', '#32CD32'),
(181, 'Arctic Armour', 1, 'Orb of Alteration', '#32CD32'),
(180, 'Volatile Dead', 1, 'Orb of Transmutation', '#32CD32'),
(179, 'Venom Gyre', 1, 'Orb of Transmutation', '#32CD32'),
(178, 'Toxic Rain', 1, 'Orb of Transmutation', '#32CD32'),
(177, 'Spectral Helix', 1, 'Orb of Transmutation', '#32CD32'),
(176, 'Siege Ballista', 1, 'Orb of Transmutation', '#32CD32'),
(175, 'Shattering Steel', 1, 'Orb of Transmutation', '#32CD32'),
(174, 'Reave', 1, 'Orb of Transmutation', '#32CD32'),
(173, 'Rain of Arrows', 1, 'Orb of Transmutation', '#32CD32'),
(172, 'Poisonous Concoction', 1, 'Orb of Transmutation', '#32CD32'),
(171, 'Lightning Strike', 1, 'Orb of Transmutation', '#32CD32'),
(170, 'Lightning Arrow', 1, 'Orb of Transmutation', '#32CD32'),
(169, 'Lacerate', 1, 'Orb of Transmutation', '#32CD32'),
(168, 'Fire Trap', 1, 'Orb of Transmutation', '#32CD32'),
(167, 'Elemental Hit', 1, 'Orb of Transmutation', '#32CD32'),
(166, 'Blade Vortex', 1, 'Orb of Transmutation', '#32CD32'),
(165, 'Blade Trap', 1, 'Orb of Transmutation', '#32CD32'),
(164, 'Barrage', 1, 'Orb of Transmutation', '#32CD32'),
(163, 'Withering Step', 1, 'Orb of Transmutation', '#32CD32'),
(162, 'Whirling Blades', 1, 'Orb of Transmutation', '#32CD32'),
(161, 'Unearth', 1, 'Orb of Transmutation', '#32CD32'),
(160, 'Smoke Mine', 1, 'Orb of Transmutation', '#32CD32'),
(159, 'Precision', 1, 'Orb of Transmutation', '#32CD32'),
(158, 'Mirror Arrow', 1, 'Orb of Transmutation', '#32CD32'),
(157, 'Flicker Strike', 1, 'Orb of Transmutation', '#32CD32'),
(156, 'Blink Arrow', 1, 'Orb of Transmutation', '#32CD32'),
(155, 'Void Manipulation Support', 1, 'Orb of Transmutation', '#32CD32'),
(154, 'Trap Support', 1, 'Orb of Transmutation', '#32CD32'),
(153, 'Multiple Traps Support', 1, 'Orb of Transmutation', '#32CD32'),
(152, 'Lesser Multiple Projectiles Support', 1, 'Orb of Transmutation', '#32CD32'),
(151, 'Chance to Flee Support', 1, 'Orb of Transmutation', '#32CD32'),
(150, 'Blind Support', 1, 'Orb of Transmutation', '#32CD32'),
(149, 'Arrow Nova Support', 1, 'Orb of Transmutation', '#32CD32'),
(148, 'Additional Accuracy Support', 1, 'Orb of Transmutation', '#32CD32'),
(147, 'Added Cold Damage Support', 1, 'Orb of Transmutation', '#32CD32'),
(146, 'Volley Support', 1, 'Scroll of Wisdom', '#32CD32'),
(145, 'Swift Assembly Support', 1, 'Scroll of Wisdom', '#32CD32'),
(144, 'Shrapnel Ballista', 1, 'Scroll of Wisdom', '#32CD32'),
(143, 'Riposte', 1, 'Scroll of Wisdom', '#32CD32'),
(142, 'Puncture', 1, 'Scroll of Wisdom', '#32CD32'),
(141, 'Mirage Archer Support', 1, 'Scroll of Wisdom', '#32CD32'),
(140, 'Detonate Dead', 1, 'Scroll of Wisdom', '#32CD32'),
(139, 'Dash', 1, 'Scroll of Wisdom', '#32CD32'),
(138, 'Bear Trap', 1, 'Scroll of Wisdom', '#32CD32'),
(137, 'Animate Weapon', 1, 'Scroll of Wisdom', '#32CD32'),
(136, 'Viper Strike', 1, 'Scroll of Wisdom', '#32CD32'),
(135, 'Splitting Steel', 1, 'Scroll of Wisdom', '#32CD32'),
(134, 'Split Arrow', 1, 'Scroll of Wisdom', '#32CD32'),
(133, 'Spectral Throw', 1, 'Scroll of Wisdom', '#32CD32'),
(132, 'Pierce Support', 1, 'Scroll of Wisdom', '#32CD32'),
(131, 'Onslaught Support', 1, 'Scroll of Wisdom', '#32CD32'),
(130, 'Ice Shot', 1, 'Scroll of Wisdom', '#32CD32'),
(129, 'Galvanic Arrow', 1, 'Scroll of Wisdom', '#32CD32'),
(128, 'Frost Blades', 1, 'Scroll of Wisdom', '#32CD32'),
(127, 'Explosive Trap', 1, 'Scroll of Wisdom', '#32CD32'),
(126, 'Ethereal Knives', 1, 'Scroll of Wisdom', '#32CD32'),
(125, 'Enhance Support', 1, 'Scroll of Wisdom', '#32CD32'),
(124, 'Dual Strike', 1, 'Scroll of Wisdom', '#32CD32'),
(123, 'Double Strike', 1, 'Scroll of Wisdom', '#32CD32'),
(122, 'Cobra Lash', 1, 'Scroll of Wisdom', '#32CD32'),
(121, 'Chance to Poison Support', 1, 'Scroll of Wisdom', '#32CD32'),
(120, 'Caustic Arrow', 1, 'Scroll of Wisdom', '#32CD32'),
(119, 'Burning Arrow', 1, 'Scroll of Wisdom', '#32CD32'),
(118, 'Multistrike Support', 1, 'Orb of Alchemy', 'Red'),
(117, 'Multiple Totems Support', 1, 'Orb of Alchemy', 'Red'),
(116, 'Fist of War Support', 1, 'Orb of Alchemy', 'Red'),
(115, 'Eternal Blessing Support', 1, 'Orb of Alchemy', 'Red'),
(114, 'Cast when Damage Taken Support', 1, 'Orb of Alchemy', 'Red'),
(113, 'Cast on Melee Kill Support', 1, 'Orb of Alchemy', 'Red'),
(112, 'Brutality Support', 1, 'Orb of Alchemy', 'Red'),
(111, 'Behead Support', 1, 'Orb of Alchemy', 'Red'),
(110, 'Summon Stone Golem', 1, 'Orb of Chance', 'Red'),
(109, 'Summon Flame Golem', 1, 'Orb of Chance', 'Red'),
(108, 'Protective Link', 1, 'Orb of Chance', 'Red'),
(107, 'Immortal Call', 1, 'Orb of Chance', 'Red'),
(106, 'Flame Link', 1, 'Orb of Chance', 'Red'),
(105, 'Berserk', 1, 'Orb of Chance', 'Red'),
(104, 'Urgent Orders Support', 1, 'Orb of Chance', 'Red'),
(103, 'Pulverise Support', 1, 'Orb of Chance', 'Red'),
(102, 'Life Leech Support', 1, 'Orb of Chance', 'Red'),
(101, 'Less Duration Support', 1, 'Orb of Chance', 'Red'),
(100, 'Inspiration Support', 1, 'Orb of Chance', 'Red'),
(99, 'Increased Duration Support', 1, 'Orb of Chance', 'Red'),
(98, 'Generosity Support', 1, 'Orb of Chance', 'Red'),
(97, 'Fortify Support', 1, 'Orb of Chance', 'Red'),
(96, 'Fire Penetration Support', 1, 'Orb of Chance', 'Red'),
(95, 'Divine Blessing Support', 1, 'Orb of Chance', 'Red'),
(94, 'Burning Damage Support', 1, 'Orb of Chance', 'Red'),
(93, 'Bloodthirst Support', 1, 'Orb of Chance', 'Red'),
(92, 'Arrogance Support', 1, 'Orb of Chance', 'Red'),
(91, 'Tectonic Slam', 1, 'Orb of Alteration', 'Red'),
(90, 'Shockwave Totem', 1, 'Orb of Alteration', 'Red'),
(89, 'Reap', 1, 'Orb of Alteration', 'Red'),
(88, 'Rage Vortex', 1, 'Orb of Alteration', 'Red'),
(87, 'Ice Crash', 1, 'Orb of Alteration', 'Red'),
(86, 'Earthquake', 1, 'Orb of Alteration', 'Red'),
(85, 'Dominating Blow', 1, 'Orb of Alteration', 'Red'),
(84, 'Consecrated Path', 1, 'Orb of Alteration', 'Red'),
(83, 'Boneshatter', 1, 'Orb of Alteration', 'Red'),
(82, 'Bladestorm', 1, 'Orb of Alteration', 'Red'),
(81, 'Animate Guardian', 1, 'Orb of Alteration', 'Red'),
(80, 'Ancestral Warchief', 1, 'Orb of Alteration', 'Red'),
(79, 'Warlords Mark', 1, 'Orb of Alteration', 'Red'),
(78, 'Vulnerability', 1, 'Orb of Alteration', 'Red'),
(77, 'Vengeance', 1, 'Orb of Alteration', 'Red'),
(76, 'Rallying Cry', 1, 'Orb of Alteration', 'Red'),
(75, 'Purity of Fire', 1, 'Orb of Alteration', 'Red'),
(74, 'Punishment', 1, 'Orb of Alteration', 'Red'),
(73, 'Pride', 1, 'Orb of Alteration', 'Red'),
(72, 'Petrified Blood', 1, 'Orb of Alteration', 'Red'),
(71, 'Infernal Cry', 1, 'Orb of Alteration', 'Red'),
(70, 'Generals Cry', 1, 'Orb of Alteration', 'Red'),
(69, 'Dread Banner', 1, 'Orb of Alteration', 'Red'),
(68, 'Determination', 1, 'Orb of Alteration', 'Red'),
(67, 'Battlemages Cry', 1, 'Orb of Alteration', 'Red'),
(66, 'Anger', 1, 'Orb of Alteration', 'Red'),
(65, 'Shockwave Support', 1, 'Orb of Alteration', 'Red'),
(64, 'Rage Support', 1, 'Orb of Alteration', 'Red'),
(63, 'Melee Physical Damage Support', 1, 'Orb of Alteration', 'Red'),
(62, 'Iron Will Support', 1, 'Orb of Alteration', 'Red'),
(61, 'Iron Grip Support', 1, 'Orb of Alteration', 'Red'),
(60, 'Endurance Charge on Melee Stun Support', 1, 'Orb of Alteration', 'Red'),
(59, 'Elemental Damage with Attacks Support', 1, 'Orb of Alteration', 'Red'),
(58, 'Damage on Full Life Support', 1, 'Orb of Alteration', 'Red'),
(57, 'Cruelty Support', 1, 'Orb of Alteration', 'Red'),
(56, 'Cold to Fire Support', 1, 'Orb of Alteration', 'Red'),
(55, 'Bloodlust Support', 1, 'Orb of Alteration', 'Red'),
(54, 'Seismic Cry', 1, 'Orb of Alteration', 'Red'),
(53, 'Herald of Purity', 1, 'Orb of Alteration', 'Red'),
(52, 'Herald of Ash', 1, 'Orb of Alteration', 'Red'),
(51, 'Flesh and Stone', 1, 'Orb of Alteration', 'Red'),
(50, 'Defiance Banner', 1, 'Orb of Alteration', 'Red'),
(49, 'Corrupting Fever', 1, 'Orb of Alteration', 'Red'),
(48, 'Ancestral Cry', 1, 'Orb of Alteration', 'Red'),
(47, 'Sweep', 1, 'Orb of Transmutation', 'Red'),
(46, 'Sunder', 1, 'Orb of Transmutation', 'Red'),
(45, 'Static Strike', 1, 'Orb of Transmutation', 'Red'),
(44, 'Searing Bond', 1, 'Orb of Transmutation', 'Red'),
(43, 'Infernal Blow', 1, 'Orb of Transmutation', 'Red'),
(42, 'Exsanguinate', 1, 'Orb of Transmutation', 'Red'),
(41, 'Earthshatter', 1, 'Orb of Transmutation', 'Red'),
(40, 'Chain Hook', 1, 'Orb of Transmutation', 'Red'),
(39, 'Absolution', 1, 'Orb of Transmutation', 'Red'),
(38, 'Vitality', 1, 'Orb of Transmutation', 'Red'),
(37, 'Shield Charge', 1, 'Orb of Transmutation', 'Red'),
(36, 'Leap Slam', 1, 'Orb of Transmutation', 'Red'),
(35, 'Intimidating Cry', 1, 'Orb of Transmutation', 'Red'),
(34, 'Enduring Cry', 1, 'Orb of Transmutation', 'Red'),
(33, 'Stun Support', 1, 'Orb of Transmutation', 'Red'),
(32, 'Spell Totem Support', 1, 'Orb of Transmutation', 'Red'),
(31, 'Melee Splash Support', 1, 'Orb of Transmutation', 'Red'),
(30, 'Maim Support', 1, 'Orb of Transmutation', 'Red'),
(29, 'Lifetap Support', 1, 'Orb of Transmutation', 'Red'),
(28, 'Life Gain on Hit Support', 1, 'Orb of Transmutation', 'Red'),
(27, 'Knockback Support', 1, 'Orb of Transmutation', 'Red'),
(26, 'Earthbreaker Support', 1, 'Orb of Transmutation', 'Red'),
(25, 'Ballista Totem Support', 1, 'Orb of Transmutation', 'Red'),
(24, 'Added Fire Damage Support', 1, 'Orb of Transmutation', 'Red'),
(23, 'War Banner', 1, 'Scroll of Wisdom', 'Red'),
(22, 'Vigilant Strike', 1, 'Scroll of Wisdom', 'Red'),
(21, 'Steelskin', 1, 'Scroll of Wisdom', 'Red'),
(20, 'Rejuvenation Totem', 1, 'Scroll of Wisdom', 'Red'),
(19, 'Reckoning', 1, 'Scroll of Wisdom', 'Red'),
(18, 'Molten Shell', 1, 'Scroll of Wisdom', 'Red'),
(17, 'Holy Flame Totem', 1, 'Scroll of Wisdom', 'Red'),
(16, 'Devouring Totem', 1, 'Scroll of Wisdom', 'Red'),
(15, 'Decoy Totem', 1, 'Scroll of Wisdom', 'Red'),
(14, 'Blood and Sand', 1, 'Scroll of Wisdom', 'Red'),
(13, 'Ancestral Protector', 1, 'Scroll of Wisdom', 'Red'),
(12, 'Ancestral Call Support', 1, 'Scroll of Wisdom', 'Red'),
(11, 'Smite', 1, 'Scroll of Wisdom', 'Red'),
(10, 'Shield Crush', 1, 'Scroll of Wisdom', 'Red'),
(9, 'Ruthless Support', 1, 'Scroll of Wisdom', 'Red'),
(8, 'Perforate', 1, 'Scroll of Wisdom', 'Red'),
(7, 'Molten Strike', 1, 'Scroll of Wisdom', 'Red'),
(6, 'Heavy Strike', 1, 'Scroll of Wisdom', 'Red'),
(5, 'Ground Slam', 1, 'Scroll of Wisdom', 'Red'),
(4, 'Glacial Hammer', 1, 'Scroll of Wisdom', 'Red'),
(3, 'Empower Support', 1, 'Scroll of Wisdom', 'Red'),
(2, 'Cleave', 1, 'Scroll of Wisdom', 'Red'),
(1, 'Chance to Bleed Support', 1, 'Scroll of Wisdom', 'Red'),
(307, 'Incinerate', 1, 'Orb of Transmutation', '#1E90FF'),
(308, 'Lightning Trap', 1, 'Orb of Transmutation', '#1E90FF'),
(309, 'Manabond', 1, 'Orb of Transmutation', '#1E90FF'),
(310, 'Power Siphon', 1, 'Orb of Transmutation', '#1E90FF'),
(311, 'Scorching Ray', 1, 'Orb of Transmutation', '#1E90FF'),
(312, 'Spirit Offering', 1, 'Orb of Transmutation', '#1E90FF'),
(313, 'Storm Brand', 1, 'Orb of Transmutation', '#1E90FF'),
(314, 'Storm Burst', 1, 'Orb of Transmutation', '#1E90FF'),
(315, 'Storm Call', 1, 'Orb of Transmutation', '#1E90FF'),
(316, 'Voltaxic Burst', 1, 'Orb of Transmutation', '#1E90FF'),
(317, 'Wintertide Brand', 1, 'Orb of Transmutation', '#1E90FF'),
(318, 'Arcane Cloak', 1, 'Orb of Alteration', '#1E90FF'),
(319, 'Brand Recall', 1, 'Orb of Alteration', '#1E90FF'),
(320, 'Cold Snap', 1, 'Orb of Alteration', '#1E90FF'),
(321, 'Forbidden Rite', 1, 'Orb of Alteration', '#1E90FF'),
(322, 'Herald of Thunder', 1, 'Orb of Alteration', '#1E90FF'),
(323, 'Righteous Fire', 1, 'Orb of Alteration', '#1E90FF'),
(324, 'Summon Skitterbots', 1, 'Orb of Alteration', '#1E90FF'),
(325, 'Tempest Shield', 1, 'Orb of Alteration', '#1E90FF'),
(326, 'Wave of Conviction', 1, 'Orb of Alteration', '#1E90FF'),
(327, 'Concentrated Effect Support', 1, 'Orb of Alteration', '#1E90FF'),
(328, 'Controlled Destruction Support', 1, 'Orb of Alteration', '#1E90FF'),
(329, 'Elemental Focus Support', 1, 'Orb of Alteration', '#1E90FF'),
(330, 'Faster Casting Support', 1, 'Orb of Alteration', '#1E90FF'),
(331, 'Increased Critical Damage Support', 1, 'Orb of Alteration', '#1E90FF'),
(332, 'Minion Life Support', 1, 'Orb of Alteration', '#1E90FF'),
(333, 'Minion Speed Support', 1, 'Orb of Alteration', '#1E90FF'),
(334, 'Physical to Lightning Support', 1, 'Orb of Alteration', '#1E90FF'),
(335, 'Power Charge On Critical Support', 1, 'Orb of Alteration', '#1E90FF'),
(336, 'Predator Support', 1, 'Orb of Alteration', '#1E90FF'),
(337, 'Trinity Support', 1, 'Orb of Alteration', '#1E90FF'),
(338, 'Assassins Mark', 1, 'Orb of Alteration', '#1E90FF'),
(339, 'Bane', 1, 'Orb of Alteration', '#1E90FF'),
(340, 'Conductivity', 1, 'Orb of Alteration', '#1E90FF'),
(341, 'Convocation', 1, 'Orb of Alteration', '#1E90FF'),
(342, 'Despair', 1, 'Orb of Alteration', '#1E90FF'),
(343, 'Discipline', 1, 'Orb of Alteration', '#1E90FF'),
(344, 'Elemental Weakness', 1, 'Orb of Alteration', '#1E90FF'),
(345, 'Energy Blade', 1, 'Orb of Alteration', '#1E90FF'),
(346, 'Enfeeble', 1, 'Orb of Alteration', '#1E90FF'),
(347, 'Flammability', 1, 'Orb of Alteration', '#1E90FF'),
(348, 'Frostbite', 1, 'Orb of Alteration', '#1E90FF'),
(349, 'Malevolence', 1, 'Orb of Alteration', '#1E90FF'),
(350, 'Purity of Elements', 1, 'Orb of Alteration', '#1E90FF'),
(351, 'Purity of Lightning', 1, 'Orb of Alteration', '#1E90FF'),
(352, 'Spellslinger', 1, 'Orb of Alteration', '#1E90FF'),
(353, 'Wrath', 1, 'Orb of Alteration', '#1E90FF'),
(354, 'Zealotry', 1, 'Orb of Alteration', '#1E90FF'),
(355, 'Armageddon Brand', 1, 'Orb of Chance', '#1E90FF'),
(356, 'Ball Lightning', 1, 'Orb of Chance', '#1E90FF'),
(357, 'Crackling Lance', 1, 'Orb of Chance', '#1E90FF'),
(358, 'Dark Pact', 1, 'Orb of Chance', '#1E90FF'),
(359, 'Discharge', 1, 'Orb of Chance', '#1E90FF'),
(360, 'Divine Ire', 1, 'Orb of Chance', '#1E90FF'),
(361, 'Eye of Winter', 1, 'Orb of Chance', '#1E90FF'),
(362, 'Firestorm', 1, 'Orb of Chance', '#1E90FF'),
(363, 'Flameblast', 1, 'Orb of Chance', '#1E90FF'),
(364, 'Glacial Cascade', 1, 'Orb of Chance', '#1E90FF'),
(365, 'Hexblast', 1, 'Orb of Chance', '#1E90FF'),
(366, 'Kinetic Blast', 1, 'Orb of Chance', '#1E90FF'),
(367, 'Lightning Spire Trap', 1, 'Orb of Chance', '#1E90FF'),
(368, 'Penance Brand', 1, 'Orb of Chance', '#1E90FF'),
(369, 'Pyroclast Mine', 1, 'Orb of Chance', '#1E90FF'),
(370, 'Raise Spectre', 1, 'Orb of Chance', '#1E90FF'),
(371, 'Shock Nova', 1, 'Orb of Chance', '#1E90FF'),
(372, 'Soulrend', 1, 'Orb of Chance', '#1E90FF'),
(373, 'Stormbind', 1, 'Orb of Chance', '#1E90FF'),
(374, 'Summon Reaper', 1, 'Orb of Chance', '#1E90FF'),
(375, 'Vortex', 1, 'Orb of Chance', '#1E90FF'),
(376, 'Winter Orb', 1, 'Orb of Chance', '#1E90FF'),
(377, 'Added Chaos Damage Support', 1, 'Orb of Chance', '#1E90FF'),
(378, 'Archmage Support', 1, 'Orb of Chance', '#1E90FF'),
(379, 'Blasphemy Support', 1, 'Orb of Chance', '#1E90FF'),
(380, 'Charged Mines Support', 1, 'Orb of Chance', '#1E90FF'),
(381, 'Elemental Army Support', 1, 'Orb of Chance', '#1E90FF'),
(382, 'Elemental Penetration Support', 1, 'Orb of Chance', '#1E90FF'),
(383, 'Energy Leech Support', 1, 'Orb of Chance', '#1E90FF'),
(384, 'Feeding Frenzy Support', 1, 'Orb of Chance', '#1E90FF'),
(385, 'High-Impact Mine Support', 1, 'Orb of Chance', '#1E90FF'),
(386, 'Impending Doom Support', 1, 'Orb of Chance', '#1E90FF'),
(387, 'Innervate Support', 1, 'Orb of Chance', '#1E90FF'),
(388, 'Intensify Support', 1, 'Orb of Chance', '#1E90FF'),
(389, 'Item Rarity Support', 1, 'Orb of Chance', '#1E90FF'),
(390, 'Lightning Penetration Support', 1, 'Orb of Chance', '#1E90FF'),
(391, 'Meat Shield Support', 1, 'Orb of Chance', '#1E90FF'),
(392, 'Pinpoint Support', 1, 'Orb of Chance', '#1E90FF'),
(393, 'Swiftbrand Support', 1, 'Orb of Chance', '#1E90FF'),
(394, 'Destructive Link', 1, 'Orb of Chance', '#1E90FF'),
(395, 'Frost Shield', 1, 'Orb of Chance', '#1E90FF'),
(396, 'Hydrosphere', 1, 'Orb of Chance', '#1E90FF'),
(397, 'Sigil of Power', 1, 'Orb of Chance', '#1E90FF'),
(398, 'Soul Link', 1, 'Orb of Chance', '#1E90FF'),
(399, 'Summon Carrion Golem', 1, 'Orb of Chance', '#1E90FF'),
(400, 'Summon Chaos Golem', 1, 'Orb of Chance', '#1E90FF'),
(401, 'Summon Lightning Golem', 1, 'Orb of Chance', '#1E90FF'),
(402, 'Void Sphere', 1, 'Orb of Chance', '#1E90FF'),
(403, 'Arcanist Brand', 1, 'Orb of Alchemy', '#1E90FF'),
(404, 'Bonechill Support', 1, 'Orb of Alchemy', '#1E90FF'),
(405, 'Cast when Stunned Support', 1, 'Orb of Alchemy', '#1E90FF'),
(406, 'Cast while Channelling Support', 1, 'Orb of Alchemy', '#1E90FF'),
(407, 'Decay Support', 1, 'Orb of Alchemy', '#1E90FF'),
(408, 'Hextouch Support', 1, 'Orb of Alchemy', '#1E90FF'),
(409, 'Ignite Proliferation Support', 1, 'Orb of Alchemy', '#1E90FF'),
(410, 'Immolate Support', 1, 'Orb of Alchemy', '#1E90FF'),
(411, 'Increased Area of Effect Support', 1, 'Orb of Alchemy', '#1E90FF'),
(412, 'Minefield Support', 1, 'Orb of Alchemy', '#1E90FF'),
(413, 'Spell Echo Support', 1, 'Orb of Alchemy', '#1E90FF'),
(414, 'Unleash Support', 1, 'Orb of Alchemy', '#1E90FF'),
(0, 'None', 0, 'None', 'None'),
(415, 'Alchemists Mark', 1, 'Orb of Alteration', '#32CD32'),
(416, 'Galvanic Field', 1, 'Orb of Alteration', '#1E90FF'),
(417, 'Lightning Conduit', 1, 'Orb of Chance', '#1E90FF'),
(418, 'Overcharge Support', 1, 'Orb of Alteration', '#1E90FF'),
(419, 'Volcanic Fissure', 1, 'Orb of Transmutation', 'Red'),
(420, 'Cursed Ground Support', 1, 'Orb of Chance', '#1E90FF'),
(421, 'Frozen Legion', 1, 'Orb of Chance', 'Red'),
(422, 'Hex Bloom Support', 1, 'Orb of Alchemy', '#1E90FF'),
(423, 'Momentum Support', 1, 'Scroll of Wisdom', '#32CD32'),
(424, 'Manaforged Arrows Support', 1, 'Orb of Transmutation', '#32CD32'),
(425, 'Prismatic Burst Support', 1, 'Scroll of Wisdom', '#1E90FF'),
(426, 'Snipe', 1, 'Orb of Chance', '#32CD32');

-- --------------------------------------------------------

--
-- Table structure for table `GemsVendor`
--

CREATE TABLE `GemsVendor` (
  `gemid` bigint(20) NOT NULL,
  `classid` bigint(20) NOT NULL,
  `questid` bigint(20) NOT NULL
) ENGINE=MyISAM DEFAULT CHARSET=latin1 COLLATE=latin1_swedish_ci;

--
-- Dumping data for table `GemsVendor`
--

INSERT INTO `GemsVendor` (`gemid`, `classid`, `questid`) VALUES
(1, 0, 112),
(1, 0, 313),
(1, 1, 112),
(1, 1, 313),
(1, 2, 112),
(1, 2, 313),
(1, 3, 313),
(1, 4, 111),
(1, 4, 313),
(1, 5, 112),
(1, 5, 313),
(1, 6, 313),
(2, 0, 111),
(2, 0, 313),
(2, 1, 111),
(2, 1, 313),
(2, 2, 111),
(2, 2, 313),
(2, 3, 313),
(2, 4, 111),
(2, 4, 313),
(2, 5, 313),
(2, 6, 313),
(4, 0, 313),
(4, 1, 111),
(4, 1, 313),
(4, 2, 313),
(4, 3, 313),
(4, 4, 111),
(4, 4, 313),
(4, 5, 111),
(4, 5, 313),
(4, 6, 313),
(5, 0, 313),
(5, 1, 111),
(5, 1, 313),
(5, 2, 313),
(5, 3, 313),
(5, 4, 111),
(5, 4, 313),
(5, 5, 111),
(5, 5, 313),
(5, 6, 313),
(6, 0, 111),
(6, 0, 313),
(6, 1, 111),
(6, 1, 313),
(6, 2, 313),
(6, 3, 313),
(6, 4, 111),
(6, 4, 313),
(6, 5, 111),
(6, 5, 313),
(6, 6, 313),
(7, 0, 111),
(7, 0, 313),
(7, 1, 111),
(7, 1, 313),
(7, 2, 313),
(7, 3, 313),
(7, 4, 111),
(7, 4, 313),
(7, 5, 111),
(7, 5, 313),
(7, 6, 313),
(8, 0, 111),
(8, 0, 313),
(8, 1, 111),
(8, 1, 313),
(8, 2, 111),
(8, 2, 313),
(8, 3, 313),
(8, 4, 111),
(8, 4, 313),
(8, 5, 313),
(8, 6, 313),
(9, 0, 112),
(9, 0, 313),
(9, 1, 111),
(9, 1, 313),
(9, 2, 313),
(9, 3, 313),
(9, 4, 112),
(9, 4, 313),
(9, 5, 112),
(9, 5, 313),
(9, 6, 313),
(11, 0, 111),
(11, 0, 313),
(11, 1, 111),
(11, 1, 313),
(11, 2, 313),
(11, 3, 313),
(11, 4, 313),
(11, 5, 111),
(11, 5, 313),
(11, 6, 313),
(12, 0, 112),
(12, 0, 313),
(12, 1, 112),
(12, 1, 313),
(12, 2, 112),
(12, 2, 313),
(12, 3, 313),
(12, 4, 112),
(12, 4, 313),
(12, 5, 112),
(12, 5, 313),
(12, 6, 313),
(13, 0, 113),
(13, 0, 313),
(13, 1, 113),
(13, 1, 313),
(13, 2, 313),
(13, 3, 313),
(13, 4, 113),
(13, 4, 313),
(13, 5, 113),
(13, 5, 313),
(13, 6, 313),
(14, 0, 113),
(14, 0, 313),
(14, 1, 113),
(14, 1, 313),
(14, 2, 113),
(14, 2, 313),
(14, 3, 313),
(14, 4, 113),
(14, 4, 313),
(14, 5, 313),
(14, 6, 313),
(15, 0, 113),
(15, 0, 313),
(15, 1, 113),
(15, 1, 313),
(15, 2, 113),
(15, 2, 313),
(15, 3, 313),
(15, 4, 113),
(15, 4, 313),
(15, 5, 113),
(15, 5, 313),
(15, 6, 313),
(16, 0, 113),
(16, 0, 313),
(16, 1, 113),
(16, 1, 313),
(16, 2, 113),
(16, 2, 313),
(16, 3, 113),
(16, 3, 313),
(16, 4, 113),
(16, 4, 313),
(16, 5, 113),
(16, 5, 313),
(16, 6, 313),
(17, 0, 313),
(17, 1, 113),
(17, 1, 313),
(17, 2, 313),
(17, 3, 113),
(17, 3, 313),
(17, 4, 313),
(17, 5, 113),
(17, 5, 313),
(17, 6, 313),
(18, 0, 113),
(18, 0, 313),
(18, 1, 113),
(18, 1, 313),
(18, 2, 313),
(18, 3, 313),
(18, 4, 113),
(18, 4, 313),
(18, 5, 113),
(18, 5, 313),
(18, 6, 313),
(19, 0, 313),
(19, 1, 113),
(19, 1, 313),
(19, 2, 313),
(19, 3, 313),
(19, 4, 113),
(19, 4, 313),
(19, 5, 113),
(19, 5, 313),
(19, 6, 313),
(20, 0, 113),
(20, 0, 313),
(20, 1, 113),
(20, 1, 313),
(20, 2, 313),
(20, 3, 313),
(20, 4, 113),
(20, 4, 313),
(20, 5, 113),
(20, 5, 313),
(20, 6, 313),
(21, 0, 113),
(21, 0, 313),
(21, 1, 113),
(21, 1, 313),
(21, 2, 113),
(21, 2, 313),
(21, 3, 113),
(21, 3, 313),
(21, 4, 113),
(21, 4, 313),
(21, 5, 113),
(21, 5, 313),
(21, 6, 113),
(21, 6, 313),
(22, 0, 113),
(22, 0, 313),
(22, 1, 113),
(22, 1, 313),
(22, 2, 113),
(22, 2, 313),
(22, 3, 313),
(22, 4, 113),
(22, 4, 313),
(22, 5, 113),
(22, 5, 313),
(22, 6, 313),
(23, 0, 113),
(23, 0, 313),
(23, 1, 113),
(23, 1, 313),
(23, 2, 113),
(23, 2, 313),
(23, 3, 313),
(23, 4, 113),
(23, 4, 313),
(23, 5, 113),
(23, 5, 313),
(23, 6, 313),
(24, 0, 114),
(24, 0, 313),
(24, 1, 114),
(24, 1, 313),
(24, 2, 114),
(24, 2, 313),
(24, 3, 313),
(24, 4, 114),
(24, 4, 313),
(24, 5, 114),
(24, 5, 313),
(24, 6, 114),
(24, 6, 313),
(25, 0, 114),
(25, 0, 313),
(25, 1, 313),
(25, 2, 114),
(25, 2, 313),
(25, 3, 313),
(25, 4, 114),
(25, 4, 313),
(25, 5, 313),
(25, 6, 114),
(25, 6, 313),
(26, 0, 114),
(26, 0, 313),
(26, 1, 114),
(26, 1, 313),
(26, 2, 313),
(26, 3, 313),
(26, 4, 114),
(26, 4, 313),
(26, 5, 114),
(26, 5, 313),
(26, 6, 313),
(27, 0, 114),
(27, 0, 313),
(27, 1, 114),
(27, 1, 313),
(27, 2, 313),
(27, 3, 313),
(27, 4, 114),
(27, 4, 313),
(27, 5, 114),
(27, 5, 313),
(27, 6, 313),
(28, 0, 114),
(28, 0, 313),
(28, 1, 114),
(28, 1, 313),
(28, 2, 313),
(28, 3, 313),
(28, 4, 114),
(28, 4, 313),
(28, 5, 114),
(28, 5, 313),
(28, 6, 313),
(29, 0, 114),
(29, 0, 313),
(29, 1, 114),
(29, 1, 313),
(29, 2, 313),
(29, 3, 313),
(29, 4, 114),
(29, 4, 313),
(29, 5, 114),
(29, 5, 313),
(29, 6, 313),
(30, 0, 114),
(30, 0, 313),
(30, 1, 114),
(30, 1, 313),
(30, 2, 114),
(30, 2, 313),
(30, 3, 313),
(30, 4, 114),
(30, 4, 313),
(30, 5, 313),
(30, 6, 313),
(31, 0, 114),
(31, 0, 313),
(31, 1, 114),
(31, 1, 313),
(31, 2, 114),
(31, 2, 313),
(31, 3, 114),
(31, 3, 313),
(31, 4, 114),
(31, 4, 313),
(31, 5, 114),
(31, 5, 313),
(31, 6, 114),
(31, 6, 313),
(32, 0, 114),
(32, 0, 313),
(32, 1, 114),
(32, 1, 313),
(32, 2, 313),
(32, 3, 114),
(32, 3, 313),
(32, 4, 313),
(32, 5, 114),
(32, 5, 313),
(32, 6, 313),
(33, 0, 114),
(33, 0, 313),
(33, 1, 114),
(33, 1, 313),
(33, 2, 313),
(33, 3, 313),
(33, 4, 114),
(33, 4, 313),
(33, 5, 114),
(33, 5, 313),
(33, 6, 313),
(34, 0, 114),
(34, 0, 313),
(34, 1, 114),
(34, 1, 313),
(34, 2, 313),
(34, 3, 313),
(34, 4, 114),
(34, 4, 313),
(34, 5, 114),
(34, 5, 313),
(34, 6, 313),
(35, 0, 114),
(35, 0, 313),
(35, 1, 114),
(35, 1, 313),
(35, 2, 313),
(35, 3, 313),
(35, 4, 114),
(35, 4, 313),
(35, 5, 114),
(35, 5, 313),
(35, 6, 313),
(36, 0, 114),
(36, 0, 313),
(36, 1, 114),
(36, 1, 313),
(36, 2, 114),
(36, 2, 313),
(36, 3, 313),
(36, 4, 114),
(36, 4, 313),
(36, 5, 114),
(36, 5, 313),
(36, 6, 313),
(37, 0, 313),
(37, 1, 114),
(37, 1, 313),
(37, 2, 313),
(37, 3, 313),
(37, 4, 114),
(37, 4, 313),
(37, 5, 114),
(37, 5, 313),
(37, 6, 313),
(38, 0, 114),
(38, 0, 313),
(38, 1, 114),
(38, 1, 313),
(38, 2, 114),
(38, 2, 313),
(38, 3, 114),
(38, 3, 313),
(38, 4, 114),
(38, 4, 313),
(38, 5, 114),
(38, 5, 313),
(38, 6, 114),
(38, 6, 313),
(39, 0, 115),
(39, 0, 313),
(39, 1, 115),
(39, 1, 313),
(39, 2, 313),
(39, 3, 115),
(39, 3, 313),
(39, 4, 313),
(39, 5, 115),
(39, 5, 313),
(39, 6, 313),
(40, 0, 115),
(40, 0, 313),
(40, 1, 115),
(40, 1, 313),
(40, 2, 313),
(40, 3, 313),
(40, 4, 115),
(40, 4, 313),
(40, 5, 313),
(40, 6, 313),
(41, 0, 115),
(41, 0, 313),
(41, 1, 115),
(41, 1, 313),
(41, 2, 313),
(41, 3, 313),
(41, 4, 115),
(41, 4, 313),
(41, 5, 115),
(41, 5, 313),
(41, 6, 313),
(42, 0, 115),
(42, 1, 115),
(42, 3, 115),
(42, 5, 115),
(42, 6, 115),
(43, 0, 115),
(43, 0, 313),
(43, 1, 115),
(43, 1, 313),
(43, 2, 115),
(43, 2, 313),
(43, 3, 313),
(43, 4, 115),
(43, 4, 313),
(43, 5, 115),
(43, 5, 313),
(43, 6, 313),
(44, 0, 313),
(44, 1, 115),
(44, 1, 313),
(44, 2, 313),
(44, 3, 115),
(44, 3, 313),
(44, 4, 313),
(44, 5, 115),
(44, 5, 313),
(44, 6, 313),
(45, 0, 115),
(45, 0, 313),
(45, 1, 115),
(45, 1, 313),
(45, 2, 115),
(45, 2, 313),
(45, 3, 313),
(45, 4, 115),
(45, 4, 313),
(45, 5, 115),
(45, 5, 313),
(45, 6, 313),
(46, 0, 115),
(46, 0, 313),
(46, 1, 115),
(46, 1, 313),
(46, 2, 313),
(46, 3, 313),
(46, 4, 115),
(46, 4, 313),
(46, 5, 115),
(46, 5, 313),
(46, 6, 313),
(47, 0, 313),
(47, 1, 115),
(47, 1, 313),
(47, 2, 313),
(47, 3, 313),
(47, 4, 115),
(47, 4, 313),
(47, 5, 115),
(47, 5, 313),
(47, 6, 313),
(48, 0, 313),
(48, 1, 211),
(48, 1, 313),
(48, 2, 313),
(48, 3, 313),
(48, 4, 211),
(48, 4, 313),
(48, 5, 313),
(48, 6, 313),
(49, 0, 211),
(49, 1, 211),
(49, 4, 211),
(50, 0, 313),
(50, 1, 211),
(50, 1, 313),
(50, 2, 313),
(50, 3, 313),
(50, 4, 211),
(50, 4, 313),
(50, 5, 313),
(50, 6, 313),
(51, 0, 313),
(51, 1, 211),
(51, 1, 313),
(51, 2, 313),
(51, 3, 313),
(51, 4, 211),
(51, 4, 313),
(51, 5, 313),
(51, 6, 313),
(52, 0, 211),
(52, 0, 313),
(52, 1, 211),
(52, 1, 313),
(52, 2, 211),
(52, 2, 313),
(52, 3, 211),
(52, 3, 313),
(52, 4, 211),
(52, 4, 313),
(52, 5, 211),
(52, 5, 313),
(52, 6, 211),
(52, 6, 313),
(53, 0, 211),
(53, 0, 313),
(53, 1, 211),
(53, 1, 313),
(53, 2, 313),
(53, 3, 211),
(53, 3, 313),
(53, 4, 211),
(53, 4, 313),
(53, 5, 211),
(53, 5, 313),
(53, 6, 313),
(54, 0, 313),
(54, 1, 211),
(54, 1, 313),
(54, 2, 313),
(54, 3, 313),
(54, 4, 211),
(54, 4, 313),
(54, 5, 313),
(54, 6, 313),
(55, 0, 212),
(55, 0, 313),
(55, 1, 212),
(55, 1, 313),
(55, 2, 212),
(55, 2, 313),
(55, 3, 313),
(55, 4, 212),
(55, 4, 313),
(55, 5, 212),
(55, 5, 313),
(55, 6, 212),
(55, 6, 313),
(56, 0, 212),
(56, 0, 313),
(56, 1, 313),
(56, 2, 313),
(56, 3, 212),
(56, 3, 313),
(56, 4, 313),
(56, 5, 212),
(56, 5, 313),
(56, 6, 212),
(56, 6, 313),
(57, 0, 212),
(57, 1, 212),
(57, 3, 212),
(57, 4, 212),
(57, 5, 212),
(58, 0, 212),
(58, 0, 313),
(58, 1, 212),
(58, 1, 313),
(58, 2, 313),
(58, 3, 313),
(58, 4, 212),
(58, 4, 313),
(58, 5, 212),
(58, 5, 313),
(58, 6, 313),
(59, 0, 212),
(59, 0, 313),
(59, 1, 212),
(59, 1, 313),
(59, 2, 212),
(59, 2, 313),
(59, 3, 313),
(59, 4, 212),
(59, 4, 313),
(59, 5, 212),
(59, 5, 313),
(59, 6, 212),
(59, 6, 313),
(60, 0, 212),
(60, 0, 313),
(60, 1, 212),
(60, 1, 313),
(60, 2, 313),
(60, 3, 313),
(60, 4, 212),
(60, 4, 313),
(60, 5, 212),
(60, 5, 313),
(60, 6, 313),
(61, 0, 212),
(61, 0, 313),
(61, 1, 212),
(61, 1, 313),
(61, 2, 212),
(61, 2, 313),
(61, 3, 313),
(61, 4, 212),
(61, 4, 313),
(61, 5, 212),
(61, 5, 313),
(61, 6, 313),
(62, 0, 212),
(62, 0, 313),
(62, 1, 212),
(62, 1, 313),
(62, 2, 313),
(62, 3, 313),
(62, 4, 212),
(62, 4, 313),
(62, 5, 212),
(62, 5, 313),
(62, 6, 313),
(63, 0, 212),
(63, 0, 313),
(63, 1, 212),
(63, 1, 313),
(63, 2, 212),
(63, 2, 313),
(63, 3, 212),
(63, 3, 313),
(63, 4, 212),
(63, 4, 313),
(63, 5, 212),
(63, 5, 313),
(63, 6, 212),
(63, 6, 313),
(64, 0, 212),
(64, 0, 313),
(64, 1, 212),
(64, 1, 313),
(64, 2, 212),
(64, 2, 313),
(64, 3, 313),
(64, 4, 212),
(64, 4, 313),
(64, 5, 212),
(64, 5, 313),
(64, 6, 212),
(64, 6, 313),
(65, 0, 212),
(65, 0, 313),
(65, 1, 212),
(65, 1, 313),
(65, 2, 313),
(65, 3, 313),
(65, 4, 212),
(65, 4, 313),
(65, 5, 212),
(65, 5, 313),
(65, 6, 313),
(66, 0, 311),
(66, 0, 313),
(66, 1, 311),
(66, 1, 313),
(66, 2, 311),
(66, 2, 313),
(66, 3, 313),
(66, 4, 311),
(66, 4, 313),
(66, 5, 311),
(66, 5, 313),
(66, 6, 313),
(67, 5, 211),
(68, 0, 313),
(68, 1, 311),
(68, 1, 313),
(68, 2, 313),
(68, 3, 313),
(68, 4, 311),
(68, 4, 313),
(68, 5, 311),
(68, 5, 313),
(68, 6, 313),
(69, 0, 311),
(69, 0, 313),
(69, 1, 311),
(69, 1, 313),
(69, 2, 311),
(69, 2, 313),
(69, 3, 313),
(69, 4, 311),
(69, 4, 313),
(69, 5, 311),
(69, 5, 313),
(69, 6, 313),
(70, 0, 311),
(70, 0, 313),
(70, 1, 311),
(70, 1, 313),
(70, 2, 313),
(70, 3, 313),
(70, 4, 311),
(70, 4, 313),
(70, 5, 311),
(70, 5, 313),
(70, 6, 313),
(71, 0, 311),
(71, 0, 313),
(71, 1, 311),
(71, 1, 313),
(71, 2, 313),
(71, 3, 313),
(71, 4, 311),
(71, 4, 313),
(71, 5, 311),
(71, 5, 313),
(71, 6, 313),
(72, 0, 313),
(72, 1, 313),
(72, 2, 313),
(72, 3, 313),
(72, 4, 313),
(72, 5, 311),
(72, 5, 313),
(72, 6, 313),
(73, 0, 311),
(73, 0, 313),
(73, 1, 311),
(73, 1, 313),
(73, 2, 311),
(73, 2, 313),
(73, 3, 311),
(73, 3, 313),
(73, 4, 311),
(73, 4, 313),
(73, 5, 311),
(73, 5, 313),
(73, 6, 311),
(73, 6, 313),
(74, 0, 311),
(74, 0, 313),
(74, 1, 311),
(74, 1, 313),
(74, 2, 313),
(74, 3, 311),
(74, 3, 313),
(74, 4, 311),
(74, 4, 313),
(74, 5, 311),
(74, 5, 313),
(74, 6, 313),
(75, 0, 311),
(75, 0, 313),
(75, 1, 311),
(75, 1, 313),
(75, 2, 313),
(75, 3, 313),
(75, 4, 311),
(75, 4, 313),
(75, 5, 311),
(75, 5, 313),
(75, 6, 313),
(76, 0, 311),
(76, 0, 313),
(76, 1, 311),
(76, 1, 313),
(76, 2, 313),
(76, 3, 313),
(76, 4, 311),
(76, 4, 313),
(76, 5, 311),
(76, 5, 313),
(76, 6, 313),
(77, 0, 313),
(77, 1, 311),
(77, 1, 313),
(77, 2, 313),
(77, 3, 313),
(77, 4, 311),
(77, 4, 313),
(77, 5, 311),
(77, 5, 313),
(77, 6, 313),
(78, 0, 311),
(78, 0, 313),
(78, 1, 311),
(78, 1, 313),
(78, 2, 311),
(78, 2, 313),
(78, 3, 313),
(78, 4, 311),
(78, 4, 313),
(78, 5, 313),
(78, 6, 313),
(79, 0, 211),
(79, 0, 313),
(79, 1, 211),
(79, 1, 313),
(79, 2, 211),
(79, 2, 313),
(79, 3, 313),
(79, 4, 211),
(79, 4, 313),
(79, 5, 313),
(79, 6, 313),
(80, 0, 312),
(80, 0, 313),
(80, 1, 312),
(80, 1, 313),
(80, 2, 313),
(80, 3, 313),
(80, 4, 312),
(80, 4, 313),
(80, 5, 312),
(80, 5, 313),
(80, 6, 313),
(81, 0, 312),
(81, 0, 313),
(81, 1, 312),
(81, 1, 313),
(81, 2, 312),
(81, 2, 313),
(81, 3, 312),
(81, 3, 313),
(81, 4, 312),
(81, 4, 313),
(81, 5, 312),
(81, 5, 313),
(81, 6, 312),
(81, 6, 313),
(82, 0, 312),
(82, 0, 313),
(82, 1, 312),
(82, 1, 313),
(82, 2, 313),
(82, 3, 313),
(82, 4, 312),
(82, 4, 313),
(82, 5, 313),
(82, 6, 313),
(84, 0, 312),
(84, 0, 313),
(84, 1, 312),
(84, 1, 313),
(84, 2, 313),
(84, 3, 313),
(84, 4, 313),
(84, 5, 312),
(84, 5, 313),
(84, 6, 313),
(85, 0, 312),
(85, 0, 313),
(85, 1, 312),
(85, 1, 313),
(85, 2, 313),
(85, 3, 313),
(85, 4, 312),
(85, 4, 313),
(85, 5, 312),
(85, 5, 313),
(85, 6, 313),
(86, 0, 312),
(86, 0, 313),
(86, 1, 312),
(86, 1, 313),
(86, 2, 313),
(86, 3, 313),
(86, 4, 312),
(86, 4, 313),
(86, 5, 312),
(86, 5, 313),
(86, 6, 313),
(87, 0, 312),
(87, 0, 313),
(87, 1, 312),
(87, 1, 313),
(87, 2, 312),
(87, 2, 313),
(87, 3, 313),
(87, 4, 312),
(87, 4, 313),
(87, 5, 312),
(87, 5, 313),
(87, 6, 312),
(87, 6, 313),
(88, 1, 312),
(89, 0, 313),
(89, 1, 312),
(89, 1, 313),
(89, 2, 313),
(89, 3, 312),
(89, 3, 313),
(89, 4, 313),
(89, 5, 312),
(89, 5, 313),
(89, 6, 313),
(90, 0, 313),
(90, 1, 312),
(90, 1, 313),
(90, 2, 313),
(90, 3, 312),
(90, 3, 313),
(90, 4, 313),
(90, 5, 312),
(90, 5, 313),
(90, 6, 313),
(91, 0, 312),
(91, 0, 313),
(91, 1, 312),
(91, 1, 313),
(91, 2, 313),
(91, 3, 313),
(91, 4, 312),
(91, 4, 313),
(91, 5, 312),
(91, 5, 313),
(91, 6, 313),
(92, 0, 313),
(92, 1, 313),
(92, 2, 313),
(92, 3, 313),
(92, 4, 313),
(92, 5, 313),
(92, 6, 313),
(93, 0, 313),
(93, 1, 313),
(93, 2, 313),
(93, 3, 313),
(93, 4, 313),
(93, 5, 313),
(93, 6, 313),
(94, 0, 313),
(94, 1, 313),
(94, 2, 313),
(94, 3, 313),
(94, 4, 313),
(94, 5, 313),
(94, 6, 313),
(96, 0, 313),
(96, 1, 313),
(96, 2, 313),
(96, 3, 313),
(96, 4, 313),
(96, 5, 313),
(96, 6, 313),
(97, 0, 313),
(97, 1, 313),
(97, 2, 313),
(97, 3, 313),
(97, 4, 313),
(97, 5, 313),
(97, 6, 313),
(98, 0, 313),
(98, 1, 313),
(98, 2, 313),
(98, 3, 313),
(98, 4, 313),
(98, 5, 313),
(98, 6, 313),
(99, 0, 313),
(99, 1, 313),
(99, 2, 313),
(99, 3, 313),
(99, 4, 313),
(99, 5, 313),
(99, 6, 313),
(100, 0, 313),
(100, 1, 313),
(100, 2, 313),
(100, 3, 313),
(100, 4, 313),
(100, 5, 313),
(100, 6, 313),
(102, 0, 313),
(102, 1, 313),
(102, 2, 313),
(102, 3, 313),
(102, 4, 313),
(102, 5, 313),
(102, 6, 313),
(103, 0, 313),
(103, 1, 313),
(103, 2, 313),
(103, 3, 313),
(103, 4, 313),
(103, 5, 313),
(103, 6, 313),
(104, 0, 313),
(104, 1, 313),
(104, 2, 313),
(104, 3, 313),
(104, 4, 313),
(104, 5, 313),
(104, 6, 313),
(105, 0, 411),
(105, 1, 411),
(105, 4, 411),
(105, 5, 411),
(106, 0, 411),
(107, 0, 411),
(107, 1, 411),
(107, 4, 411),
(107, 5, 411),
(109, 0, 411),
(109, 1, 411),
(109, 2, 411),
(109, 3, 411),
(109, 4, 411),
(109, 5, 411),
(109, 6, 411),
(110, 0, 411),
(110, 1, 411),
(110, 2, 411),
(110, 3, 411),
(110, 4, 411),
(110, 5, 411),
(110, 6, 411),
(111, 1, 412),
(111, 4, 412),
(112, 0, 412),
(112, 1, 412),
(112, 4, 412),
(113, 0, 412),
(113, 1, 412),
(113, 2, 412),
(113, 3, 412),
(113, 4, 412),
(113, 5, 412),
(113, 6, 412),
(114, 0, 412),
(114, 1, 412),
(114, 2, 412),
(114, 3, 412),
(114, 4, 412),
(114, 5, 412),
(114, 6, 412),
(115, 1, 412),
(116, 0, 412),
(116, 1, 412),
(116, 4, 412),
(116, 5, 412),
(117, 0, 412),
(117, 1, 412),
(117, 2, 412),
(117, 3, 412),
(117, 4, 412),
(117, 5, 412),
(117, 6, 412),
(118, 0, 412),
(118, 1, 412),
(118, 2, 412),
(118, 3, 412),
(118, 4, 412),
(118, 5, 412),
(118, 6, 412),
(119, 0, 111),
(119, 0, 313),
(119, 1, 313),
(119, 2, 111),
(119, 2, 313),
(119, 3, 313),
(119, 4, 111),
(119, 4, 313),
(119, 5, 313),
(119, 6, 111),
(119, 6, 313),
(120, 0, 111),
(120, 0, 313),
(120, 1, 313),
(120, 2, 111),
(120, 2, 313),
(120, 3, 313),
(120, 4, 111),
(120, 4, 313),
(120, 5, 313),
(120, 6, 111),
(120, 6, 313),
(121, 0, 112),
(121, 0, 313),
(121, 1, 313),
(121, 2, 112),
(121, 2, 313),
(121, 3, 313),
(121, 4, 313),
(121, 5, 313),
(121, 6, 111),
(121, 6, 313),
(122, 0, 111),
(122, 0, 313),
(122, 1, 313),
(122, 2, 111),
(122, 2, 313),
(122, 3, 313),
(122, 4, 313),
(122, 5, 313),
(122, 6, 111),
(122, 6, 313),
(123, 0, 111),
(123, 0, 313),
(123, 1, 111),
(123, 1, 313),
(123, 2, 111),
(123, 2, 313),
(123, 3, 313),
(123, 4, 111),
(123, 4, 313),
(123, 5, 313),
(123, 6, 111),
(123, 6, 313),
(124, 0, 111),
(124, 0, 313),
(124, 1, 111),
(124, 1, 313),
(124, 2, 111),
(124, 2, 313),
(124, 3, 313),
(124, 4, 111),
(124, 4, 313),
(124, 5, 313),
(124, 6, 111),
(124, 6, 313),
(126, 0, 313),
(126, 1, 111),
(126, 1, 313),
(126, 2, 313),
(126, 3, 111),
(126, 3, 313),
(126, 4, 313),
(126, 5, 313),
(126, 6, 111),
(126, 6, 313),
(127, 0, 111),
(127, 0, 313),
(127, 1, 313),
(127, 2, 111),
(127, 2, 313),
(127, 3, 111),
(127, 3, 313),
(127, 4, 313),
(127, 5, 313),
(127, 6, 111),
(127, 6, 313),
(128, 0, 111),
(128, 0, 313),
(128, 1, 313),
(128, 2, 111),
(128, 2, 313),
(128, 3, 313),
(128, 4, 111),
(128, 4, 313),
(128, 5, 313),
(128, 6, 111),
(128, 6, 313),
(129, 0, 111),
(129, 0, 313),
(129, 1, 313),
(129, 2, 111),
(129, 2, 313),
(129, 3, 313),
(129, 4, 111),
(129, 4, 313),
(129, 5, 313),
(129, 6, 313),
(130, 0, 111),
(130, 0, 313),
(130, 1, 313),
(130, 2, 111),
(130, 2, 313),
(130, 3, 313),
(130, 4, 111),
(130, 4, 313),
(130, 5, 313),
(130, 6, 313),
(132, 0, 112),
(132, 0, 313),
(132, 1, 313),
(132, 2, 112),
(132, 2, 313),
(132, 3, 313),
(132, 4, 112),
(132, 4, 313),
(132, 5, 313),
(132, 6, 112),
(132, 6, 313),
(133, 0, 111),
(133, 0, 313),
(133, 1, 111),
(133, 1, 313),
(133, 2, 111),
(133, 2, 313),
(133, 3, 313),
(133, 4, 111),
(133, 4, 313),
(133, 5, 111),
(133, 5, 313),
(133, 6, 111),
(133, 6, 313),
(134, 0, 111),
(134, 0, 313),
(134, 1, 313),
(134, 2, 111),
(134, 2, 313),
(134, 3, 313),
(134, 4, 111),
(134, 4, 313),
(134, 5, 313),
(134, 6, 111),
(134, 6, 313),
(135, 0, 111),
(135, 0, 313),
(135, 1, 313),
(135, 2, 111),
(135, 2, 313),
(135, 3, 313),
(135, 4, 111),
(135, 4, 313),
(135, 5, 313),
(135, 6, 313),
(136, 0, 111),
(136, 0, 313),
(136, 1, 313),
(136, 2, 111),
(136, 2, 313),
(136, 3, 313),
(136, 4, 111),
(136, 4, 313),
(136, 5, 313),
(136, 6, 111),
(136, 6, 313),
(137, 0, 113),
(137, 0, 313),
(137, 1, 313),
(137, 2, 313),
(137, 3, 113),
(137, 3, 313),
(137, 4, 313),
(137, 5, 313),
(137, 6, 113),
(137, 6, 313),
(138, 0, 113),
(138, 0, 313),
(138, 1, 113),
(138, 1, 313),
(138, 2, 113),
(138, 2, 313),
(138, 3, 313),
(138, 4, 313),
(138, 5, 313),
(138, 6, 113),
(138, 6, 313),
(139, 0, 113),
(139, 0, 313),
(139, 1, 113),
(139, 1, 313),
(139, 2, 113),
(139, 2, 313),
(139, 3, 113),
(139, 3, 313),
(139, 4, 113),
(139, 4, 313),
(139, 5, 113),
(139, 5, 313),
(139, 6, 113),
(139, 6, 313),
(140, 0, 313),
(140, 1, 313),
(140, 2, 113),
(140, 2, 313),
(140, 3, 113),
(140, 3, 313),
(140, 4, 313),
(140, 5, 313),
(140, 6, 113),
(140, 6, 313),
(141, 0, 112),
(141, 0, 313),
(141, 1, 313),
(141, 2, 112),
(141, 2, 313),
(141, 3, 313),
(141, 4, 112),
(141, 4, 313),
(141, 5, 313),
(141, 6, 112),
(141, 6, 313),
(142, 0, 313),
(142, 1, 313),
(142, 2, 113),
(142, 2, 313),
(142, 3, 313),
(142, 4, 113),
(142, 4, 313),
(142, 5, 313),
(142, 6, 113),
(142, 6, 313),
(143, 0, 313),
(143, 1, 113),
(143, 1, 313),
(143, 2, 113),
(143, 2, 313),
(143, 3, 313),
(143, 4, 113),
(143, 4, 313),
(143, 5, 313),
(143, 6, 113),
(143, 6, 313),
(144, 0, 113),
(144, 0, 313),
(144, 1, 113),
(144, 1, 313),
(144, 2, 113),
(144, 2, 313),
(144, 3, 313),
(144, 4, 113),
(144, 4, 313),
(144, 5, 313),
(144, 6, 113),
(144, 6, 313),
(145, 0, 112),
(145, 0, 313),
(145, 1, 313),
(145, 2, 112),
(145, 2, 313),
(145, 3, 112),
(145, 3, 313),
(145, 4, 112),
(145, 4, 313),
(145, 5, 313),
(145, 6, 112),
(145, 6, 313),
(146, 0, 112),
(146, 0, 313),
(146, 1, 112),
(146, 1, 313),
(146, 2, 112),
(146, 2, 313),
(146, 3, 112),
(146, 3, 313),
(146, 4, 112),
(146, 4, 313),
(146, 5, 313),
(146, 6, 112),
(146, 6, 313),
(147, 0, 114),
(147, 0, 313),
(147, 1, 313),
(147, 2, 114),
(147, 2, 313),
(147, 3, 114),
(147, 3, 313),
(147, 4, 313),
(147, 5, 313),
(147, 6, 114),
(147, 6, 313),
(148, 0, 114),
(148, 0, 313),
(148, 1, 114),
(148, 1, 313),
(148, 2, 114),
(148, 2, 313),
(148, 3, 313),
(148, 4, 114),
(148, 4, 313),
(148, 5, 114),
(148, 5, 313),
(148, 6, 114),
(148, 6, 313),
(149, 0, 114),
(149, 0, 313),
(149, 1, 313),
(149, 2, 114),
(149, 2, 313),
(149, 3, 313),
(149, 4, 114),
(149, 4, 313),
(149, 5, 313),
(149, 6, 114),
(149, 6, 313),
(150, 0, 114),
(150, 0, 313),
(150, 1, 114),
(150, 1, 313),
(150, 2, 114),
(150, 2, 313),
(150, 3, 313),
(150, 4, 114),
(150, 4, 313),
(150, 5, 313),
(150, 6, 114),
(150, 6, 313),
(151, 0, 114),
(151, 0, 313),
(151, 1, 114),
(151, 1, 313),
(151, 2, 114),
(151, 2, 313),
(151, 3, 313),
(151, 4, 114),
(151, 4, 313),
(151, 5, 313),
(151, 6, 114),
(151, 6, 313),
(152, 0, 114),
(152, 0, 313),
(152, 1, 313),
(152, 2, 114),
(152, 2, 313),
(152, 3, 114),
(152, 3, 313),
(152, 4, 114),
(152, 4, 313),
(152, 5, 313),
(152, 6, 114),
(152, 6, 313),
(153, 0, 114),
(153, 0, 313),
(153, 1, 313),
(153, 2, 114),
(153, 2, 313),
(153, 3, 114),
(153, 3, 313),
(153, 4, 313),
(153, 5, 313),
(153, 6, 114),
(153, 6, 313),
(154, 0, 114),
(154, 0, 313),
(154, 1, 313),
(154, 2, 114),
(154, 2, 313),
(154, 3, 114),
(154, 3, 313),
(154, 4, 114),
(154, 4, 313),
(154, 5, 313),
(154, 6, 114),
(154, 6, 313),
(155, 0, 114),
(155, 0, 313),
(155, 1, 313),
(155, 2, 114),
(155, 2, 313),
(155, 3, 114),
(155, 3, 313),
(155, 4, 313),
(155, 5, 114),
(155, 5, 313),
(155, 6, 114),
(155, 6, 313),
(156, 0, 114),
(156, 0, 313),
(156, 1, 313),
(156, 2, 114),
(156, 2, 313),
(156, 3, 313),
(156, 4, 114),
(156, 4, 313),
(156, 5, 313),
(156, 6, 114),
(156, 6, 313),
(157, 0, 114),
(157, 0, 313),
(157, 1, 114),
(157, 1, 313),
(157, 2, 114),
(157, 2, 313),
(157, 3, 313),
(157, 4, 114),
(157, 4, 313),
(157, 5, 313),
(157, 6, 114),
(157, 6, 313),
(159, 0, 114),
(159, 0, 313),
(159, 1, 114),
(159, 1, 313),
(159, 2, 114),
(159, 2, 313),
(159, 3, 313),
(159, 4, 114),
(159, 4, 313),
(159, 5, 313),
(159, 6, 114),
(159, 6, 313),
(160, 0, 313),
(160, 1, 114),
(160, 1, 313),
(160, 2, 114),
(160, 2, 313),
(160, 3, 114),
(160, 3, 313),
(160, 4, 114),
(160, 4, 313),
(160, 5, 313),
(160, 6, 114),
(160, 6, 313),
(161, 0, 114),
(161, 0, 313),
(161, 1, 313),
(161, 2, 114),
(161, 2, 313),
(161, 3, 114),
(161, 3, 313),
(161, 4, 313),
(161, 5, 114),
(161, 5, 313),
(161, 6, 114),
(161, 6, 313),
(162, 0, 313),
(162, 1, 313),
(162, 2, 114),
(162, 2, 313),
(162, 3, 313),
(162, 4, 114),
(162, 4, 313),
(162, 5, 313),
(162, 6, 114),
(162, 6, 313),
(163, 0, 114),
(163, 0, 313),
(163, 1, 313),
(163, 2, 114),
(163, 2, 313),
(163, 3, 114),
(163, 3, 313),
(163, 4, 114),
(163, 4, 313),
(163, 5, 313),
(163, 6, 114),
(163, 6, 313),
(164, 0, 115),
(164, 0, 313),
(164, 1, 313),
(164, 2, 115),
(164, 2, 313),
(164, 3, 313),
(164, 4, 115),
(164, 4, 313),
(164, 5, 313),
(164, 6, 115),
(164, 6, 313),
(166, 0, 115),
(166, 0, 313),
(166, 1, 313),
(166, 2, 115),
(166, 2, 313),
(166, 3, 115),
(166, 3, 313),
(166, 4, 313),
(166, 5, 313),
(166, 6, 115),
(166, 6, 313),
(167, 0, 115),
(167, 0, 313),
(167, 1, 313),
(167, 2, 115),
(167, 2, 313),
(167, 3, 313),
(167, 4, 115),
(167, 4, 313),
(167, 5, 313),
(167, 6, 115),
(167, 6, 313),
(168, 0, 115),
(168, 0, 313),
(168, 1, 313),
(168, 2, 115),
(168, 2, 313),
(168, 3, 115),
(168, 3, 313),
(168, 4, 313),
(168, 5, 313),
(168, 6, 115),
(168, 6, 313),
(169, 0, 115),
(169, 0, 313),
(169, 1, 115),
(169, 1, 313),
(169, 2, 115),
(169, 2, 313),
(169, 3, 313),
(169, 4, 115),
(169, 4, 313),
(169, 5, 115),
(169, 5, 313),
(169, 6, 115),
(169, 6, 313),
(170, 0, 313),
(170, 1, 313),
(170, 2, 115),
(170, 2, 313),
(170, 3, 313),
(170, 4, 115),
(170, 4, 313),
(170, 5, 313),
(170, 6, 115),
(170, 6, 313),
(171, 0, 115),
(171, 0, 313),
(171, 1, 313),
(171, 2, 115),
(171, 2, 313),
(171, 3, 313),
(171, 4, 115),
(171, 4, 313),
(171, 5, 115),
(171, 5, 313),
(171, 6, 115),
(171, 6, 313),
(172, 4, 115),
(172, 6, 115),
(173, 0, 115),
(173, 0, 313),
(173, 1, 313),
(173, 2, 115),
(173, 2, 313),
(173, 3, 313),
(173, 4, 115),
(173, 4, 313),
(173, 5, 313),
(173, 6, 115),
(173, 6, 313),
(174, 0, 313),
(174, 1, 313),
(174, 2, 115),
(174, 2, 313),
(174, 3, 313),
(174, 4, 115),
(174, 4, 313),
(174, 5, 313),
(174, 6, 115),
(174, 6, 313),
(175, 0, 115),
(175, 0, 313),
(175, 1, 115),
(175, 1, 313),
(175, 2, 115),
(175, 2, 313),
(175, 3, 313),
(175, 4, 115),
(175, 4, 313),
(175, 5, 313),
(175, 6, 313),
(176, 0, 115),
(176, 0, 313),
(176, 1, 313),
(176, 2, 115),
(176, 2, 313),
(176, 3, 313),
(176, 4, 115),
(176, 4, 313),
(176, 5, 313),
(176, 6, 115),
(176, 6, 313),
(177, 0, 115),
(177, 0, 313),
(177, 1, 115),
(177, 1, 313),
(177, 2, 115),
(177, 2, 313),
(177, 3, 313),
(177, 4, 115),
(177, 4, 313),
(177, 5, 115),
(177, 5, 313),
(177, 6, 115),
(177, 6, 313),
(178, 0, 115),
(178, 0, 313),
(178, 1, 313),
(178, 2, 115),
(178, 2, 313),
(178, 3, 313),
(178, 4, 115),
(178, 4, 313),
(178, 5, 313),
(178, 6, 115),
(178, 6, 313),
(179, 0, 115),
(179, 0, 313),
(179, 1, 313),
(179, 2, 115),
(179, 2, 313),
(179, 3, 313),
(179, 4, 313),
(179, 5, 313),
(179, 6, 115),
(179, 6, 313),
(180, 0, 115),
(180, 0, 313),
(180, 1, 313),
(180, 2, 115),
(180, 2, 313),
(180, 3, 115),
(180, 3, 313),
(180, 4, 313),
(180, 5, 115),
(180, 5, 313),
(180, 6, 115),
(180, 6, 313),
(181, 0, 211),
(181, 0, 313),
(181, 1, 313),
(181, 2, 211),
(181, 2, 313),
(181, 3, 211),
(181, 3, 313),
(181, 4, 313),
(181, 5, 313),
(181, 6, 211),
(181, 6, 313),
(182, 0, 313),
(182, 1, 313),
(182, 2, 313),
(182, 3, 313),
(182, 4, 313),
(182, 5, 313),
(182, 6, 211),
(182, 6, 313),
(183, 0, 313),
(183, 1, 211),
(183, 1, 313),
(183, 2, 211),
(183, 2, 313),
(183, 3, 313),
(183, 4, 211),
(183, 4, 313),
(183, 5, 313),
(183, 6, 211),
(183, 6, 313),
(184, 0, 313),
(184, 1, 313),
(184, 2, 313),
(184, 3, 211),
(184, 3, 313),
(184, 4, 313),
(184, 5, 313),
(184, 6, 313),
(185, 0, 313),
(185, 1, 313),
(185, 2, 211),
(185, 2, 313),
(185, 3, 313),
(185, 4, 313),
(185, 5, 313),
(185, 6, 313),
(186, 0, 211),
(186, 0, 313),
(186, 1, 211),
(186, 1, 313),
(186, 2, 211),
(186, 2, 313),
(186, 3, 313),
(186, 4, 211),
(186, 4, 313),
(186, 5, 313),
(186, 6, 313),
(187, 0, 313),
(187, 1, 313),
(187, 2, 211),
(187, 2, 313),
(187, 3, 313),
(187, 4, 211),
(187, 4, 313),
(187, 5, 313),
(187, 6, 211),
(187, 6, 313),
(188, 0, 211),
(188, 0, 313),
(188, 1, 211),
(188, 1, 313),
(188, 2, 211),
(188, 2, 313),
(188, 3, 211),
(188, 3, 313),
(188, 4, 211),
(188, 4, 313),
(188, 5, 211),
(188, 5, 313),
(188, 6, 211),
(188, 6, 313),
(190, 0, 212),
(190, 0, 313),
(190, 1, 212),
(190, 1, 313),
(190, 2, 212),
(190, 2, 313),
(190, 3, 313),
(190, 4, 212),
(190, 4, 313),
(190, 5, 212),
(190, 5, 313),
(190, 6, 212),
(190, 6, 313),
(191, 0, 212),
(191, 0, 313),
(191, 1, 212),
(191, 1, 313),
(191, 2, 212),
(191, 2, 313),
(191, 3, 212),
(191, 3, 313),
(191, 4, 212),
(191, 4, 313),
(191, 5, 212),
(191, 5, 313),
(191, 6, 212),
(191, 6, 313),
(192, 0, 212),
(192, 0, 313),
(192, 1, 313),
(192, 2, 212),
(192, 2, 313),
(192, 3, 212),
(192, 3, 313),
(192, 4, 212),
(192, 4, 313),
(192, 5, 212),
(192, 5, 313),
(192, 6, 212),
(192, 6, 313),
(193, 0, 313),
(193, 0, 1145),
(193, 1, 313),
(193, 1, 1145),
(193, 2, 313),
(193, 2, 1145),
(193, 3, 313),
(193, 4, 313),
(193, 4, 1145),
(193, 5, 313),
(193, 6, 313),
(193, 6, 1145),
(194, 0, 212),
(194, 0, 313),
(194, 1, 313),
(194, 2, 212),
(194, 2, 313),
(194, 3, 313),
(194, 4, 313),
(194, 5, 313),
(194, 6, 212),
(194, 6, 313),
(195, 0, 212),
(195, 0, 313),
(195, 1, 313),
(195, 2, 212),
(195, 2, 313),
(195, 3, 313),
(195, 4, 212),
(195, 4, 313),
(195, 5, 313),
(195, 6, 212),
(195, 6, 313),
(196, 0, 212),
(196, 0, 313),
(196, 1, 313),
(196, 2, 212),
(196, 2, 313),
(196, 3, 212),
(196, 3, 313),
(196, 4, 313),
(196, 5, 212),
(196, 5, 313),
(196, 6, 212),
(196, 6, 313),
(197, 0, 212),
(197, 0, 313),
(197, 1, 313),
(197, 2, 212),
(197, 2, 313),
(197, 3, 313),
(197, 4, 212),
(197, 4, 313),
(197, 5, 313),
(197, 6, 313),
(198, 0, 313),
(198, 1, 313),
(198, 2, 311),
(198, 2, 313),
(198, 3, 313),
(198, 4, 311),
(198, 4, 313),
(198, 5, 313),
(198, 6, 311),
(198, 6, 313),
(199, 0, 311),
(199, 0, 313),
(199, 1, 313),
(199, 2, 311),
(199, 2, 313),
(199, 3, 313),
(199, 4, 311),
(199, 4, 313),
(199, 5, 313),
(199, 6, 311),
(199, 6, 313),
(200, 0, 311),
(200, 0, 313),
(200, 1, 311),
(200, 1, 313),
(200, 2, 311),
(200, 2, 313),
(200, 3, 311),
(200, 3, 313),
(200, 4, 311),
(200, 4, 313),
(200, 5, 313),
(200, 6, 311),
(200, 6, 313),
(201, 0, 311),
(201, 0, 313),
(201, 1, 313),
(201, 2, 311),
(201, 2, 313),
(201, 3, 313),
(201, 4, 313),
(201, 5, 313),
(201, 6, 311),
(201, 6, 313),
(202, 0, 211),
(202, 0, 313),
(202, 1, 313),
(202, 2, 211),
(202, 2, 313),
(202, 3, 313),
(202, 4, 211),
(202, 4, 313),
(202, 5, 313),
(202, 6, 211),
(202, 6, 313),
(203, 0, 311),
(203, 0, 313),
(203, 1, 313),
(203, 2, 311),
(203, 2, 313),
(203, 3, 313),
(203, 4, 311),
(203, 4, 313),
(203, 5, 313),
(203, 6, 311),
(203, 6, 313),
(204, 0, 113),
(204, 0, 313),
(204, 1, 313),
(204, 2, 113),
(204, 2, 313),
(204, 3, 313),
(204, 4, 113),
(204, 4, 313),
(204, 5, 313),
(204, 6, 113),
(204, 6, 313),
(205, 0, 311),
(205, 0, 313),
(205, 1, 313),
(205, 2, 311),
(205, 2, 313),
(205, 3, 311),
(205, 3, 313),
(205, 4, 313),
(205, 5, 313),
(205, 6, 311),
(205, 6, 313),
(206, 0, 312),
(206, 0, 313),
(206, 1, 312),
(206, 1, 313),
(206, 2, 312),
(206, 2, 313),
(206, 3, 313),
(206, 4, 312),
(206, 4, 313),
(206, 5, 313),
(206, 6, 312),
(206, 6, 313),
(207, 0, 312),
(207, 0, 313),
(207, 1, 313),
(207, 2, 312),
(207, 2, 313),
(207, 3, 313),
(207, 4, 312),
(207, 4, 313),
(207, 5, 313),
(207, 6, 312),
(207, 6, 313),
(208, 0, 312),
(208, 0, 313),
(208, 1, 313),
(208, 2, 312),
(208, 2, 313),
(208, 3, 312),
(208, 3, 313),
(208, 4, 313),
(208, 5, 313),
(208, 6, 312),
(208, 6, 313),
(209, 0, 312),
(209, 0, 313),
(209, 1, 313),
(209, 2, 312),
(209, 2, 313),
(209, 3, 313),
(209, 4, 312),
(209, 4, 313),
(209, 5, 313),
(209, 6, 313),
(210, 0, 312),
(210, 0, 313),
(210, 1, 312),
(210, 1, 313),
(210, 2, 312),
(210, 2, 313),
(210, 3, 313),
(210, 4, 312),
(210, 4, 313),
(210, 5, 312),
(210, 5, 313),
(210, 6, 312),
(210, 6, 313),
(211, 0, 312),
(211, 0, 313),
(211, 1, 313),
(211, 2, 312),
(211, 2, 313),
(211, 3, 312),
(211, 3, 313),
(211, 4, 313),
(211, 5, 312),
(211, 5, 313),
(211, 6, 312),
(211, 6, 313),
(212, 0, 312),
(212, 0, 313),
(212, 1, 312),
(212, 1, 313),
(212, 2, 312),
(212, 2, 313),
(212, 3, 313),
(212, 4, 312),
(212, 4, 313),
(212, 5, 312),
(212, 5, 313),
(212, 6, 313),
(213, 0, 313),
(213, 1, 312),
(213, 1, 313),
(213, 2, 312),
(213, 2, 313),
(213, 3, 313),
(213, 4, 312),
(213, 4, 313),
(213, 5, 313),
(213, 6, 313),
(214, 0, 313),
(214, 1, 313),
(214, 2, 312),
(214, 2, 313),
(214, 3, 313),
(214, 4, 313),
(214, 5, 313),
(214, 6, 313),
(215, 0, 312),
(215, 0, 313),
(215, 1, 313),
(215, 2, 313),
(215, 3, 312),
(215, 3, 313),
(215, 4, 313),
(215, 5, 313),
(215, 6, 312),
(215, 6, 313),
(216, 0, 312),
(216, 0, 313),
(216, 1, 313),
(216, 2, 313),
(216, 3, 312),
(216, 3, 313),
(216, 4, 313),
(216, 5, 313),
(216, 6, 312),
(216, 6, 313),
(217, 0, 312),
(217, 0, 313),
(217, 1, 312),
(217, 1, 313),
(217, 2, 312),
(217, 2, 313),
(217, 3, 313),
(217, 4, 312),
(217, 4, 313),
(217, 5, 313),
(217, 6, 313),
(218, 0, 312),
(218, 0, 313),
(218, 1, 313),
(218, 2, 312),
(218, 2, 313),
(218, 3, 313),
(218, 4, 313),
(218, 5, 313),
(218, 6, 312),
(218, 6, 313),
(219, 0, 312),
(219, 0, 313),
(219, 1, 313),
(219, 2, 312),
(219, 2, 313),
(219, 3, 313),
(219, 4, 312),
(219, 4, 313),
(219, 5, 313),
(219, 6, 312),
(219, 6, 313),
(220, 0, 312),
(220, 0, 313),
(220, 1, 313),
(220, 2, 313),
(220, 3, 312),
(220, 3, 313),
(220, 4, 313),
(220, 5, 313),
(220, 6, 312),
(220, 6, 313),
(221, 0, 312),
(221, 0, 313),
(221, 1, 312),
(221, 1, 313),
(221, 2, 312),
(221, 2, 313),
(221, 3, 313),
(221, 4, 312),
(221, 4, 313),
(221, 5, 312),
(221, 5, 313),
(221, 6, 312),
(221, 6, 313),
(223, 0, 312),
(223, 0, 313),
(223, 1, 313),
(223, 2, 312),
(223, 2, 313),
(223, 3, 313),
(223, 4, 312),
(223, 4, 313),
(223, 5, 313),
(223, 6, 312),
(223, 6, 313),
(224, 0, 312),
(224, 0, 313),
(224, 1, 313),
(224, 2, 312),
(224, 2, 313),
(224, 3, 313),
(224, 4, 313),
(224, 5, 313),
(224, 6, 312),
(224, 6, 313),
(225, 0, 313),
(225, 1, 313),
(225, 2, 313),
(225, 3, 313),
(225, 4, 313),
(225, 5, 313),
(225, 6, 313),
(226, 0, 313),
(226, 1, 313),
(226, 2, 313),
(226, 3, 313),
(226, 4, 313),
(226, 5, 313),
(226, 6, 313),
(227, 0, 313),
(227, 1, 313),
(227, 2, 313),
(227, 3, 313),
(227, 4, 313),
(227, 5, 313),
(227, 6, 313),
(228, 0, 313),
(228, 1, 313),
(228, 2, 313),
(228, 3, 313),
(228, 4, 313),
(228, 5, 313),
(228, 6, 313),
(229, 0, 313),
(229, 1, 313),
(229, 2, 313),
(229, 3, 313),
(229, 4, 313),
(229, 5, 313),
(229, 6, 313),
(231, 0, 313),
(231, 1, 313),
(231, 2, 313),
(231, 3, 313),
(231, 4, 313),
(231, 5, 313),
(231, 6, 313),
(232, 0, 313),
(232, 1, 313),
(232, 2, 313),
(232, 3, 313),
(232, 4, 313),
(232, 5, 313),
(232, 6, 313),
(233, 0, 313),
(233, 1, 313),
(233, 2, 313),
(233, 3, 313),
(233, 4, 313),
(233, 5, 313),
(233, 6, 313),
(234, 0, 313),
(234, 1, 313),
(234, 2, 313),
(234, 3, 313),
(234, 4, 313),
(234, 5, 313),
(234, 6, 313),
(236, 0, 313),
(236, 1, 313),
(236, 2, 313),
(236, 3, 313),
(236, 4, 313),
(236, 5, 313),
(236, 6, 313),
(238, 0, 313),
(238, 1, 313),
(238, 2, 313),
(238, 3, 313),
(238, 4, 313),
(238, 5, 313),
(238, 6, 313),
(239, 6, 411),
(240, 0, 411),
(241, 0, 411),
(241, 2, 411),
(241, 4, 411),
(241, 6, 411),
(242, 0, 411),
(242, 1, 411),
(242, 2, 411),
(242, 3, 411),
(242, 4, 411),
(242, 5, 411),
(242, 6, 411),
(244, 2, 411),
(244, 6, 411),
(246, 0, 412),
(246, 1, 412),
(246, 2, 412),
(246, 3, 412),
(246, 4, 412),
(246, 5, 412),
(246, 6, 412),
(247, 0, 412),
(247, 1, 412),
(247, 2, 412),
(247, 3, 412),
(247, 4, 412),
(247, 5, 412),
(247, 6, 412),
(248, 0, 412),
(248, 1, 412),
(248, 2, 412),
(248, 3, 412),
(248, 4, 412),
(248, 5, 412),
(248, 6, 412),
(249, 0, 412),
(249, 1, 412),
(249, 2, 412),
(249, 3, 412),
(249, 4, 412),
(249, 5, 412),
(249, 6, 412),
(250, 0, 412),
(250, 2, 412),
(250, 3, 412),
(250, 6, 412),
(251, 0, 412),
(251, 1, 412),
(251, 2, 412),
(251, 3, 412),
(251, 4, 412),
(251, 5, 412),
(251, 6, 412),
(252, 0, 412),
(252, 1, 412),
(252, 2, 412),
(252, 3, 412),
(252, 4, 412),
(252, 5, 412),
(252, 6, 412),
(253, 0, 412),
(253, 1, 412),
(253, 2, 412),
(253, 3, 412),
(253, 4, 412),
(253, 5, 412),
(253, 6, 412),
(254, 0, 412),
(254, 2, 412),
(254, 6, 412),
(255, 0, 412),
(255, 2, 412),
(255, 4, 412),
(255, 6, 412),
(256, 0, 112),
(256, 0, 313),
(256, 1, 313),
(256, 2, 313),
(256, 3, 111),
(256, 3, 313),
(256, 4, 313),
(256, 5, 112),
(256, 5, 313),
(256, 6, 112),
(256, 6, 313),
(257, 0, 111),
(257, 0, 313),
(257, 1, 313),
(257, 2, 313),
(257, 3, 111),
(257, 3, 313),
(257, 4, 313),
(257, 5, 111),
(257, 5, 313),
(257, 6, 111),
(257, 6, 313),
(258, 0, 112),
(258, 0, 313),
(258, 1, 313),
(258, 2, 313),
(258, 3, 112),
(258, 3, 313),
(258, 4, 313),
(258, 5, 111),
(258, 5, 313),
(258, 6, 112),
(258, 6, 313),
(260, 0, 111),
(260, 0, 313),
(260, 1, 111),
(260, 1, 313),
(260, 2, 313),
(260, 3, 111),
(260, 3, 313),
(260, 4, 313),
(260, 5, 111),
(260, 5, 313),
(260, 6, 111),
(260, 6, 313),
(261, 0, 313),
(261, 1, 313),
(261, 2, 313),
(261, 3, 111),
(261, 3, 313),
(261, 4, 313),
(261, 5, 111),
(261, 5, 313),
(261, 6, 111),
(261, 6, 313),
(262, 0, 111),
(262, 0, 313),
(262, 1, 313),
(262, 2, 313),
(262, 3, 111),
(262, 3, 313),
(262, 4, 313),
(262, 5, 111),
(262, 5, 313),
(262, 6, 111),
(262, 6, 313),
(263, 0, 111),
(263, 0, 313),
(263, 1, 313),
(263, 2, 111),
(263, 2, 313),
(263, 3, 111),
(263, 3, 313),
(263, 4, 313),
(263, 5, 313),
(263, 6, 111),
(263, 6, 313),
(264, 0, 111),
(264, 0, 313),
(264, 1, 313),
(264, 2, 313),
(264, 3, 111),
(264, 3, 313),
(264, 4, 313),
(264, 5, 111),
(264, 5, 313),
(264, 6, 111),
(264, 6, 313),
(265, 0, 111),
(265, 0, 313),
(265, 1, 313),
(265, 2, 313),
(265, 3, 111),
(265, 3, 313),
(265, 4, 313),
(265, 5, 111),
(265, 5, 313),
(265, 6, 111),
(265, 6, 313),
(266, 0, 111),
(266, 0, 313),
(266, 1, 313),
(266, 2, 313),
(266, 3, 111),
(266, 3, 313),
(266, 4, 313),
(266, 5, 111),
(266, 5, 313),
(266, 6, 313),
(267, 0, 111),
(267, 0, 313),
(267, 1, 313),
(267, 2, 313),
(267, 3, 111),
(267, 3, 313),
(267, 4, 313),
(267, 5, 111),
(267, 5, 313),
(267, 6, 111),
(267, 6, 313),
(268, 0, 111),
(268, 0, 313),
(268, 1, 313),
(268, 2, 313),
(268, 3, 111),
(268, 3, 313),
(268, 4, 313),
(268, 5, 111),
(268, 5, 313),
(268, 6, 111),
(268, 6, 313),
(269, 0, 111),
(269, 0, 313),
(269, 1, 313),
(269, 2, 313),
(269, 3, 111),
(269, 3, 313),
(269, 4, 313),
(269, 5, 111),
(269, 5, 313),
(269, 6, 111),
(269, 6, 313),
(270, 0, 113),
(270, 0, 313),
(270, 1, 313),
(270, 2, 313),
(270, 3, 113),
(270, 3, 313),
(270, 4, 313),
(270, 5, 113),
(270, 5, 313),
(270, 6, 113),
(270, 6, 313),
(271, 0, 113),
(271, 0, 313),
(271, 1, 313),
(271, 2, 113),
(271, 2, 313),
(271, 3, 113),
(271, 3, 313),
(271, 4, 313),
(271, 5, 313),
(271, 6, 113),
(271, 6, 313),
(272, 0, 113),
(272, 0, 313),
(272, 1, 313),
(272, 2, 313),
(272, 3, 113),
(272, 3, 313),
(272, 4, 313),
(272, 5, 113),
(272, 5, 313),
(272, 6, 113),
(272, 6, 313),
(273, 0, 113),
(273, 0, 313),
(273, 1, 313),
(273, 2, 313),
(273, 3, 113),
(273, 3, 313),
(273, 4, 313),
(273, 5, 113),
(273, 5, 313),
(273, 6, 113),
(273, 6, 313),
(274, 0, 313),
(274, 1, 313),
(274, 2, 313),
(274, 3, 113),
(274, 3, 313),
(274, 4, 113),
(274, 4, 313),
(274, 5, 113),
(274, 5, 313),
(274, 6, 313),
(275, 0, 113),
(275, 0, 313),
(275, 1, 113),
(275, 1, 313),
(275, 2, 113),
(275, 2, 313),
(275, 3, 113),
(275, 3, 313),
(275, 4, 113),
(275, 4, 313),
(275, 5, 113),
(275, 5, 313),
(275, 6, 113),
(275, 6, 313),
(276, 0, 112),
(276, 0, 313),
(276, 1, 313),
(276, 2, 313),
(276, 3, 112),
(276, 3, 313),
(276, 4, 313),
(276, 5, 112),
(276, 5, 313),
(276, 6, 112),
(276, 6, 313),
(277, 0, 113),
(277, 0, 313),
(277, 1, 313),
(277, 2, 313),
(277, 3, 113),
(277, 3, 313),
(277, 4, 313),
(277, 5, 113),
(277, 5, 313),
(277, 6, 113),
(277, 6, 313),
(278, 0, 112),
(278, 0, 313),
(278, 1, 313),
(278, 2, 313),
(278, 3, 112),
(278, 3, 313),
(278, 4, 313),
(278, 5, 112),
(278, 5, 313),
(278, 6, 112),
(278, 6, 313),
(279, 0, 313),
(279, 1, 313),
(279, 2, 313),
(279, 3, 113),
(279, 3, 313),
(279, 4, 313),
(279, 5, 113),
(279, 5, 313),
(279, 6, 313),
(280, 0, 112),
(280, 0, 313),
(280, 1, 313),
(280, 2, 313),
(280, 3, 112),
(280, 3, 313),
(280, 4, 313),
(280, 5, 112),
(280, 5, 313),
(280, 6, 112),
(280, 6, 313),
(281, 0, 113),
(281, 0, 313),
(281, 1, 313),
(281, 2, 313),
(281, 3, 113),
(281, 3, 313),
(281, 4, 313),
(281, 5, 113),
(281, 5, 313),
(281, 6, 313),
(282, 0, 114),
(282, 0, 313),
(282, 1, 313),
(282, 2, 313),
(282, 3, 114),
(282, 3, 313),
(282, 4, 313),
(282, 5, 114),
(282, 5, 313),
(282, 6, 114),
(282, 6, 313),
(283, 0, 114),
(283, 0, 313),
(283, 1, 313),
(283, 2, 114),
(283, 2, 313),
(283, 3, 114),
(283, 3, 313),
(283, 4, 313),
(283, 5, 114),
(283, 5, 313),
(283, 6, 114),
(283, 6, 313),
(284, 0, 313),
(284, 1, 114),
(284, 1, 313),
(284, 2, 313),
(284, 3, 114),
(284, 3, 313),
(284, 4, 313),
(284, 5, 114),
(284, 5, 313),
(284, 6, 114),
(284, 6, 313),
(285, 0, 114),
(285, 0, 313),
(285, 1, 313),
(285, 2, 313),
(285, 3, 114),
(285, 3, 313),
(285, 4, 313),
(285, 5, 114),
(285, 5, 313),
(285, 6, 114),
(285, 6, 313),
(286, 0, 114),
(286, 0, 313),
(286, 1, 313),
(286, 2, 114),
(286, 2, 313),
(286, 3, 114),
(286, 3, 313),
(286, 4, 313),
(286, 5, 313),
(286, 6, 114),
(286, 6, 313),
(287, 0, 313),
(287, 1, 313),
(287, 2, 313),
(287, 3, 114),
(287, 3, 313),
(287, 4, 313),
(287, 5, 114),
(287, 5, 313),
(287, 6, 313),
(288, 0, 114),
(288, 0, 313),
(288, 1, 313),
(288, 2, 313),
(288, 3, 114),
(288, 3, 313),
(288, 4, 313),
(288, 5, 114),
(288, 5, 313),
(288, 6, 313),
(289, 0, 114),
(289, 0, 313),
(289, 1, 313),
(289, 2, 313),
(289, 3, 114),
(289, 3, 313),
(289, 4, 313),
(289, 5, 114),
(289, 5, 313),
(289, 6, 114),
(289, 6, 313),
(290, 0, 114),
(290, 0, 313),
(290, 1, 313),
(290, 2, 114),
(290, 2, 313),
(290, 3, 114),
(290, 3, 313),
(290, 4, 313),
(290, 5, 114),
(290, 5, 313),
(290, 6, 114),
(290, 6, 313),
(291, 0, 114),
(291, 0, 313),
(291, 1, 114),
(291, 1, 313),
(291, 2, 114),
(291, 2, 313),
(291, 3, 114),
(291, 3, 313),
(291, 4, 114),
(291, 4, 313),
(291, 5, 114),
(291, 5, 313),
(291, 6, 114),
(291, 6, 313),
(292, 0, 114),
(292, 0, 313),
(292, 1, 313),
(292, 2, 313),
(292, 3, 114),
(292, 3, 313),
(292, 4, 313),
(292, 5, 114),
(292, 5, 313),
(292, 6, 114),
(292, 6, 313),
(293, 0, 114),
(293, 0, 313),
(293, 1, 313),
(293, 2, 313),
(293, 3, 114),
(293, 3, 313),
(293, 4, 313),
(293, 5, 114),
(293, 5, 313),
(293, 6, 114),
(293, 6, 313),
(294, 0, 114),
(294, 0, 313),
(294, 1, 313),
(294, 2, 313),
(294, 3, 114),
(294, 3, 313),
(294, 4, 313),
(294, 5, 313),
(294, 6, 114),
(294, 6, 313),
(295, 0, 114),
(295, 0, 313),
(295, 1, 313),
(295, 2, 313),
(295, 3, 114),
(295, 3, 313),
(295, 4, 313),
(295, 5, 114),
(295, 5, 313),
(295, 6, 313),
(296, 0, 114),
(296, 0, 313),
(296, 1, 313),
(296, 2, 313),
(296, 3, 114),
(296, 3, 313),
(296, 4, 313),
(296, 5, 114),
(296, 5, 313),
(296, 6, 114),
(296, 6, 313),
(297, 0, 313),
(297, 1, 313),
(297, 2, 313),
(297, 3, 115),
(297, 3, 313),
(297, 4, 313),
(297, 5, 115),
(297, 5, 313),
(297, 6, 115),
(297, 6, 313),
(298, 0, 115),
(298, 0, 313),
(298, 1, 313),
(298, 2, 313),
(298, 3, 115),
(298, 3, 313),
(298, 4, 313),
(298, 5, 115),
(298, 5, 313),
(298, 6, 115),
(298, 6, 313),
(299, 0, 115),
(299, 0, 313),
(299, 1, 313),
(299, 2, 313),
(299, 3, 115),
(299, 3, 313),
(299, 4, 313),
(299, 5, 115),
(299, 5, 313),
(299, 6, 313),
(300, 0, 115),
(300, 0, 313),
(300, 1, 313),
(300, 2, 313),
(300, 3, 115),
(300, 3, 313),
(300, 4, 313),
(300, 5, 115),
(300, 5, 313),
(300, 6, 115),
(300, 6, 313),
(301, 0, 115),
(301, 0, 313),
(301, 1, 313),
(301, 2, 313),
(301, 3, 115),
(301, 3, 313),
(301, 4, 313),
(301, 5, 115),
(301, 5, 313),
(301, 6, 115),
(301, 6, 313),
(302, 0, 115),
(302, 0, 313),
(302, 1, 313),
(302, 2, 313),
(302, 3, 115),
(302, 3, 313),
(302, 4, 313),
(302, 5, 115),
(302, 5, 313),
(302, 6, 115),
(302, 6, 313),
(303, 0, 115),
(303, 0, 313),
(303, 1, 313),
(303, 2, 313),
(303, 3, 115),
(303, 3, 313),
(303, 4, 313),
(303, 5, 115),
(303, 5, 313),
(303, 6, 313),
(304, 0, 115),
(304, 0, 313),
(304, 1, 313),
(304, 2, 313),
(304, 3, 115),
(304, 3, 313),
(304, 4, 313),
(304, 5, 115),
(304, 5, 313),
(304, 6, 115),
(304, 6, 313),
(305, 0, 115),
(305, 0, 313),
(305, 1, 313),
(305, 2, 313),
(305, 3, 115),
(305, 3, 313),
(305, 4, 313),
(305, 5, 115),
(305, 5, 313),
(305, 6, 115),
(305, 6, 313),
(306, 0, 115),
(306, 0, 313),
(306, 1, 313),
(306, 2, 313),
(306, 3, 115),
(306, 3, 313),
(306, 4, 313),
(306, 5, 115),
(306, 5, 313),
(306, 6, 115),
(306, 6, 313),
(307, 0, 115),
(307, 0, 313),
(307, 1, 313),
(307, 2, 313),
(307, 3, 115),
(307, 3, 313),
(307, 4, 313),
(307, 5, 115),
(307, 5, 313),
(307, 6, 115),
(307, 6, 313),
(308, 0, 115),
(308, 0, 313),
(308, 1, 313),
(308, 2, 115),
(308, 2, 313),
(308, 3, 115),
(308, 3, 313),
(308, 4, 313),
(308, 5, 313),
(308, 6, 115),
(308, 6, 313),
(310, 0, 115),
(310, 0, 313),
(310, 1, 313),
(310, 2, 313),
(310, 3, 115),
(310, 3, 313),
(310, 4, 313),
(310, 5, 313),
(310, 6, 115),
(310, 6, 313),
(311, 0, 115),
(311, 0, 313),
(311, 1, 313),
(311, 2, 313),
(311, 3, 115),
(311, 3, 313),
(311, 4, 313),
(311, 5, 115),
(311, 5, 313),
(311, 6, 115),
(311, 6, 313),
(312, 0, 115),
(312, 0, 313),
(312, 1, 313),
(312, 2, 313),
(312, 3, 115),
(312, 3, 313),
(312, 4, 313),
(312, 5, 115),
(312, 5, 313),
(312, 6, 313),
(313, 0, 115),
(313, 0, 313),
(313, 1, 313),
(313, 2, 313),
(313, 3, 115),
(313, 3, 313),
(313, 4, 313),
(313, 5, 115),
(313, 5, 313),
(313, 6, 313),
(314, 0, 115),
(314, 0, 313),
(314, 1, 313),
(314, 2, 313),
(314, 3, 115),
(314, 3, 313),
(314, 4, 313),
(314, 5, 115),
(314, 5, 313),
(314, 6, 115),
(314, 6, 313),
(315, 0, 115),
(315, 0, 313),
(315, 1, 313),
(315, 2, 313),
(315, 3, 115),
(315, 3, 313),
(315, 4, 313),
(315, 5, 115),
(315, 5, 313),
(315, 6, 115),
(315, 6, 313),
(317, 0, 115),
(317, 0, 313),
(317, 1, 313),
(317, 2, 313),
(317, 3, 115),
(317, 3, 313),
(317, 4, 313),
(317, 5, 115),
(317, 5, 313),
(317, 6, 115),
(317, 6, 313),
(318, 0, 313),
(318, 1, 313),
(318, 2, 313),
(318, 3, 211),
(318, 3, 313),
(318, 4, 313),
(318, 5, 211),
(318, 5, 313),
(318, 6, 211),
(318, 6, 313),
(319, 0, 313),
(319, 1, 211),
(319, 1, 313),
(319, 2, 313),
(319, 3, 211),
(319, 3, 313),
(319, 4, 313),
(319, 5, 211),
(319, 5, 313),
(319, 6, 313),
(320, 0, 313),
(320, 1, 313),
(320, 2, 313),
(320, 3, 211),
(320, 3, 313),
(320, 4, 313),
(320, 5, 313),
(320, 6, 211),
(320, 6, 313),
(322, 0, 211),
(322, 0, 313),
(322, 1, 211),
(322, 1, 313),
(322, 2, 211),
(322, 2, 313),
(322, 3, 211),
(322, 3, 313),
(322, 4, 211),
(322, 4, 313),
(322, 5, 211),
(322, 5, 313),
(322, 6, 211),
(322, 6, 313),
(323, 0, 211),
(323, 1, 211),
(323, 3, 211),
(323, 5, 211),
(324, 0, 211),
(324, 0, 313),
(324, 1, 313),
(324, 2, 211),
(324, 2, 313),
(324, 3, 211),
(324, 3, 313),
(324, 4, 313),
(324, 5, 313),
(324, 6, 211),
(324, 6, 313),
(325, 1, 211),
(326, 0, 313),
(326, 1, 313),
(326, 2, 313),
(326, 3, 211),
(326, 3, 313),
(326, 4, 313),
(326, 5, 211),
(326, 5, 313),
(326, 6, 211),
(326, 6, 313),
(327, 0, 212),
(327, 0, 313),
(327, 1, 313),
(327, 2, 313),
(327, 3, 212),
(327, 3, 313),
(327, 4, 313),
(327, 5, 212),
(327, 5, 313),
(327, 6, 212),
(327, 6, 313),
(328, 0, 212),
(328, 0, 313),
(328, 1, 313),
(328, 2, 313),
(328, 3, 212),
(328, 3, 313),
(328, 4, 313),
(328, 5, 212),
(328, 5, 313),
(328, 6, 212),
(328, 6, 313),
(329, 0, 212),
(329, 0, 313),
(329, 1, 313),
(329, 2, 313),
(329, 3, 212),
(329, 3, 313),
(329, 4, 313),
(329, 5, 212),
(329, 5, 313),
(329, 6, 212),
(329, 6, 313),
(330, 0, 212),
(330, 0, 313),
(330, 1, 313),
(330, 2, 313),
(330, 3, 212),
(330, 3, 313),
(330, 4, 313),
(330, 5, 212),
(330, 5, 313),
(330, 6, 212),
(330, 6, 313),
(331, 0, 212),
(331, 0, 313),
(331, 1, 313),
(331, 2, 212),
(331, 2, 313),
(331, 3, 212),
(331, 3, 313),
(331, 4, 313),
(331, 5, 313),
(331, 6, 212),
(331, 6, 313),
(332, 0, 212),
(332, 0, 313),
(332, 1, 313),
(332, 2, 313),
(332, 3, 212),
(332, 3, 313),
(332, 4, 313),
(332, 5, 212),
(332, 5, 313),
(332, 6, 313),
(333, 0, 212),
(333, 0, 313),
(333, 1, 313),
(333, 2, 313),
(333, 3, 212),
(333, 3, 313),
(333, 4, 313),
(333, 5, 212),
(333, 5, 313),
(333, 6, 313),
(334, 0, 212),
(334, 0, 313),
(334, 1, 212),
(334, 1, 313),
(334, 2, 212),
(334, 2, 313),
(334, 3, 313),
(334, 4, 212),
(334, 4, 313),
(334, 5, 212),
(334, 5, 313),
(334, 6, 212),
(334, 6, 313),
(335, 0, 212),
(335, 0, 313),
(335, 1, 313),
(335, 2, 212),
(335, 2, 313),
(335, 3, 212),
(335, 3, 313),
(335, 4, 313),
(335, 5, 313),
(335, 6, 212),
(335, 6, 313),
(336, 0, 212),
(336, 0, 313),
(336, 1, 313),
(336, 2, 313),
(336, 3, 212),
(336, 3, 313),
(336, 4, 313),
(336, 5, 212),
(336, 5, 313),
(336, 6, 313),
(337, 0, 212),
(337, 0, 313),
(337, 1, 313),
(337, 2, 212),
(337, 2, 313),
(337, 3, 212),
(337, 3, 313),
(337, 4, 212),
(337, 4, 313),
(337, 5, 212),
(337, 5, 313),
(337, 6, 313),
(338, 0, 211),
(338, 0, 313),
(338, 1, 313),
(338, 2, 211),
(338, 2, 313),
(338, 3, 313),
(338, 4, 211),
(338, 4, 313),
(338, 5, 313),
(338, 6, 211),
(338, 6, 313),
(339, 0, 311),
(339, 0, 313),
(339, 1, 313),
(339, 2, 313),
(339, 3, 311),
(339, 3, 313),
(339, 4, 313),
(339, 5, 311),
(339, 5, 313),
(339, 6, 311),
(339, 6, 313),
(340, 0, 311),
(340, 0, 313),
(340, 1, 313),
(340, 2, 313),
(340, 3, 311),
(340, 3, 313),
(340, 4, 313),
(340, 5, 311),
(340, 5, 313),
(340, 6, 311),
(340, 6, 313),
(341, 0, 311),
(341, 0, 313),
(341, 1, 313),
(341, 2, 313),
(341, 3, 311),
(341, 3, 313),
(341, 4, 313),
(341, 5, 311),
(341, 5, 313),
(341, 6, 313),
(342, 0, 311),
(342, 0, 313),
(342, 1, 313),
(342, 2, 311),
(342, 2, 313),
(342, 3, 311),
(342, 3, 313),
(342, 4, 311),
(342, 4, 313),
(342, 5, 311),
(342, 5, 313),
(342, 6, 311),
(342, 6, 313),
(343, 0, 311),
(343, 0, 313),
(343, 1, 313),
(343, 2, 313),
(343, 3, 311),
(343, 3, 313),
(343, 4, 313),
(343, 5, 311),
(343, 5, 313),
(343, 6, 311),
(343, 6, 313),
(344, 0, 311),
(344, 0, 313),
(344, 1, 313),
(344, 2, 313),
(344, 3, 311),
(344, 3, 313),
(344, 4, 313),
(344, 5, 311),
(344, 5, 313),
(344, 6, 311),
(344, 6, 313),
(346, 0, 311),
(346, 0, 313),
(346, 1, 313),
(346, 2, 313),
(346, 3, 311),
(346, 3, 313),
(346, 4, 313),
(346, 5, 311),
(346, 5, 313),
(346, 6, 311),
(346, 6, 313),
(347, 0, 311),
(347, 0, 313),
(347, 1, 311),
(347, 1, 313),
(347, 2, 313),
(347, 3, 311),
(347, 3, 313),
(347, 4, 313),
(347, 5, 311),
(347, 5, 313),
(347, 6, 311),
(347, 6, 313),
(348, 0, 311),
(348, 0, 313),
(348, 1, 313),
(348, 2, 313),
(348, 3, 311),
(348, 3, 313),
(348, 4, 313),
(348, 5, 311),
(348, 5, 313),
(348, 6, 311),
(348, 6, 313),
(349, 0, 311),
(349, 0, 313),
(349, 1, 313),
(349, 2, 313),
(349, 3, 311),
(349, 3, 313),
(349, 4, 313),
(349, 5, 311),
(349, 5, 313),
(349, 6, 311),
(349, 6, 313),
(350, 0, 311),
(350, 0, 313),
(350, 1, 311),
(350, 1, 313),
(350, 2, 311),
(350, 2, 313),
(350, 3, 311),
(350, 3, 313),
(350, 4, 311),
(350, 4, 313),
(350, 5, 311),
(350, 5, 313),
(350, 6, 311),
(350, 6, 313),
(351, 0, 311),
(351, 0, 313),
(351, 1, 313),
(351, 2, 313),
(351, 3, 311),
(351, 3, 313),
(351, 4, 313),
(351, 5, 311),
(351, 5, 313),
(351, 6, 311),
(351, 6, 313),
(352, 0, 311),
(352, 0, 313),
(352, 1, 313),
(352, 2, 313),
(352, 3, 311),
(352, 3, 313),
(352, 4, 313),
(352, 5, 311),
(352, 5, 313),
(352, 6, 311),
(352, 6, 313),
(353, 0, 311),
(353, 0, 313),
(353, 1, 313),
(353, 2, 311),
(353, 2, 313),
(353, 3, 311),
(353, 3, 313),
(353, 4, 313),
(353, 5, 311),
(353, 5, 313),
(353, 6, 311),
(353, 6, 313),
(354, 0, 311),
(354, 0, 313),
(354, 1, 313),
(354, 2, 313),
(354, 3, 311),
(354, 3, 313),
(354, 4, 313),
(354, 5, 311),
(354, 5, 313),
(354, 6, 311),
(354, 6, 313),
(355, 0, 312),
(355, 0, 313),
(355, 1, 313),
(355, 2, 313),
(355, 3, 312),
(355, 3, 313),
(355, 4, 313),
(355, 5, 312),
(355, 5, 313),
(355, 6, 313),
(356, 0, 313),
(356, 1, 313),
(356, 2, 313),
(356, 3, 312),
(356, 3, 313),
(356, 4, 313),
(356, 5, 312),
(356, 5, 313),
(356, 6, 312),
(356, 6, 313),
(357, 0, 312),
(357, 3, 312),
(357, 5, 312),
(357, 6, 312),
(358, 0, 312),
(358, 0, 313),
(358, 1, 313),
(358, 2, 313),
(358, 3, 312),
(358, 3, 313),
(358, 4, 313),
(358, 5, 313),
(358, 6, 312),
(358, 6, 313),
(359, 0, 312),
(359, 0, 313),
(359, 1, 312),
(359, 1, 313),
(359, 2, 312),
(359, 2, 313),
(359, 3, 312),
(359, 3, 313),
(359, 4, 312),
(359, 4, 313),
(359, 5, 312),
(359, 5, 313),
(359, 6, 312),
(359, 6, 313),
(360, 0, 312),
(360, 0, 313),
(360, 1, 313),
(360, 2, 313),
(360, 3, 312),
(360, 3, 313),
(360, 4, 313),
(360, 5, 312),
(360, 5, 313),
(360, 6, 312),
(360, 6, 313),
(361, 3, 312),
(362, 0, 312),
(362, 0, 313),
(362, 1, 313),
(362, 2, 313),
(362, 3, 312),
(362, 3, 313),
(362, 4, 313),
(362, 5, 312),
(362, 5, 313),
(362, 6, 312),
(362, 6, 313),
(363, 0, 312),
(363, 0, 313),
(363, 1, 312),
(363, 1, 313),
(363, 2, 313),
(363, 3, 312),
(363, 3, 313),
(363, 4, 313),
(363, 5, 312),
(363, 5, 313),
(363, 6, 312),
(363, 6, 313),
(364, 0, 313),
(364, 1, 313),
(364, 2, 313),
(364, 3, 312),
(364, 3, 313),
(364, 4, 313),
(364, 5, 312),
(364, 5, 313),
(364, 6, 312),
(364, 6, 313),
(365, 0, 313),
(365, 1, 313),
(365, 2, 313),
(365, 3, 312),
(365, 3, 313),
(365, 4, 313),
(365, 5, 313),
(365, 6, 312),
(365, 6, 313),
(366, 0, 312),
(366, 0, 313),
(366, 1, 313),
(366, 2, 313),
(366, 3, 312),
(366, 3, 313),
(366, 4, 313),
(366, 5, 312),
(366, 5, 313),
(366, 6, 312),
(366, 6, 313),
(367, 0, 312),
(367, 0, 313),
(367, 1, 313),
(367, 2, 313),
(367, 3, 312),
(367, 3, 313),
(367, 4, 313),
(367, 5, 313),
(367, 6, 312),
(367, 6, 313),
(368, 0, 312),
(368, 0, 313),
(368, 1, 313),
(368, 2, 313),
(368, 3, 312),
(368, 3, 313),
(368, 4, 313),
(368, 5, 312),
(368, 5, 313),
(368, 6, 313),
(369, 0, 312),
(369, 0, 313),
(369, 1, 313),
(369, 2, 313),
(369, 3, 312),
(369, 3, 313),
(369, 4, 313),
(369, 5, 312),
(369, 5, 313),
(369, 6, 312),
(369, 6, 313),
(370, 0, 312),
(370, 0, 313),
(370, 1, 313),
(370, 2, 313),
(370, 3, 312),
(370, 3, 313),
(370, 4, 313),
(370, 5, 312),
(370, 5, 313),
(370, 6, 313),
(371, 0, 312),
(371, 0, 313),
(371, 1, 313),
(371, 2, 313),
(371, 3, 312),
(371, 3, 313),
(371, 4, 313),
(371, 5, 312),
(371, 5, 313),
(371, 6, 312),
(371, 6, 313),
(372, 0, 312),
(372, 0, 313),
(372, 1, 313),
(372, 2, 313),
(372, 3, 312),
(372, 3, 313),
(372, 4, 313),
(372, 5, 312),
(372, 5, 313),
(372, 6, 312),
(372, 6, 313),
(373, 0, 312),
(373, 0, 313),
(373, 1, 313),
(373, 2, 313),
(373, 3, 312),
(373, 3, 313),
(373, 4, 313),
(373, 5, 312),
(373, 5, 313),
(373, 6, 312),
(373, 6, 313),
(374, 3, 312),
(375, 0, 312),
(375, 0, 313),
(375, 1, 313),
(375, 2, 313),
(375, 3, 312),
(375, 3, 313),
(375, 4, 313),
(375, 5, 312),
(375, 5, 313),
(375, 6, 312),
(375, 6, 313),
(376, 0, 312),
(376, 0, 313),
(376, 1, 313),
(376, 2, 313),
(376, 3, 312),
(376, 3, 313),
(376, 4, 313),
(376, 5, 312),
(376, 5, 313),
(376, 6, 312),
(376, 6, 313),
(378, 0, 313),
(378, 1, 313),
(378, 2, 313),
(378, 3, 313),
(378, 4, 313),
(378, 5, 313),
(378, 6, 313),
(379, 0, 313),
(379, 1, 313),
(379, 2, 313),
(379, 3, 313),
(379, 4, 313),
(379, 5, 313),
(379, 6, 313),
(380, 0, 313),
(380, 1, 313),
(380, 2, 313),
(380, 3, 313),
(380, 4, 313),
(380, 5, 313),
(380, 6, 313),
(383, 0, 313),
(383, 1, 313),
(383, 2, 313),
(383, 3, 313),
(383, 4, 313),
(383, 5, 313),
(383, 6, 313),
(384, 0, 313),
(384, 1, 313),
(384, 2, 313),
(384, 3, 313),
(384, 4, 313),
(384, 5, 313),
(384, 6, 313),
(385, 0, 313),
(385, 1, 313),
(385, 2, 313),
(385, 3, 313),
(385, 4, 313),
(385, 5, 313),
(385, 6, 313),
(387, 0, 313),
(387, 1, 313),
(387, 2, 313),
(387, 3, 313),
(387, 4, 313),
(387, 5, 313),
(387, 6, 313),
(388, 0, 313),
(388, 1, 313),
(388, 2, 313),
(388, 3, 313),
(388, 4, 313),
(388, 5, 313),
(388, 6, 313),
(390, 0, 313),
(390, 1, 313),
(390, 2, 313),
(390, 3, 313),
(390, 4, 313),
(390, 5, 313),
(390, 6, 313),
(391, 0, 313),
(391, 1, 313),
(391, 2, 313),
(391, 3, 313),
(391, 4, 313),
(391, 5, 313),
(391, 6, 313),
(393, 0, 313),
(393, 1, 313),
(393, 2, 313),
(393, 3, 313),
(393, 4, 313),
(393, 5, 313),
(393, 6, 313),
(395, 0, 411),
(395, 3, 411),
(395, 5, 411),
(395, 6, 411),
(396, 0, 411),
(396, 3, 411),
(396, 5, 411),
(396, 6, 411),
(397, 3, 411),
(397, 5, 411),
(398, 0, 411),
(399, 0, 411),
(399, 2, 411),
(399, 3, 411),
(399, 5, 411),
(399, 6, 411),
(400, 0, 411),
(400, 1, 411),
(400, 2, 411),
(400, 3, 411),
(400, 4, 411),
(400, 5, 411),
(400, 6, 411),
(401, 0, 411),
(401, 1, 411),
(401, 2, 411),
(401, 3, 411),
(401, 4, 411),
(401, 5, 411),
(401, 6, 411),
(402, 0, 411),
(402, 3, 411),
(402, 5, 411),
(402, 6, 411),
(403, 0, 412),
(403, 3, 412),
(403, 5, 412),
(403, 6, 412),
(404, 0, 412),
(404, 3, 412),
(404, 5, 412),
(404, 6, 412),
(405, 0, 412),
(405, 1, 412),
(405, 2, 412),
(405, 3, 412),
(405, 4, 412),
(405, 5, 412),
(405, 6, 412),
(406, 0, 412),
(406, 1, 412),
(406, 2, 412),
(406, 3, 412),
(406, 4, 412),
(406, 5, 412),
(406, 6, 412),
(407, 0, 412),
(407, 3, 412),
(407, 6, 412),
(408, 0, 412),
(408, 1, 412),
(408, 2, 412),
(408, 3, 412),
(408, 4, 412),
(408, 5, 412),
(408, 6, 412),
(409, 0, 412),
(409, 3, 412),
(409, 5, 412),
(410, 0, 412),
(410, 1, 412),
(410, 3, 412),
(410, 5, 412),
(411, 0, 412),
(411, 1, 412),
(411, 2, 412),
(411, 3, 412),
(411, 4, 412),
(411, 5, 412),
(411, 6, 412),
(412, 0, 412),
(412, 3, 412),
(412, 6, 412),
(413, 0, 412),
(413, 1, 412),
(413, 2, 412),
(413, 3, 412),
(413, 4, 412),
(413, 5, 412),
(413, 6, 412),
(414, 0, 412),
(414, 3, 412),
(414, 5, 412),
(414, 6, 412),
(415, 0, 311),
(415, 0, 313),
(415, 1, 313),
(415, 2, 311),
(415, 2, 313),
(415, 3, 313),
(415, 4, 313),
(415, 5, 313),
(415, 6, 311),
(415, 6, 313),
(416, 0, 313),
(416, 1, 313),
(416, 2, 313),
(416, 3, 211),
(416, 3, 313),
(416, 4, 313),
(416, 5, 211),
(416, 5, 313),
(416, 6, 211),
(416, 6, 313),
(417, 0, 313),
(417, 1, 313),
(417, 2, 313),
(417, 3, 312),
(417, 3, 313),
(417, 4, 313),
(417, 5, 312),
(417, 5, 313),
(417, 6, 312),
(417, 6, 313),
(418, 0, 313),
(418, 1, 313),
(418, 2, 212),
(418, 2, 313),
(418, 3, 212),
(418, 3, 313),
(418, 4, 313),
(418, 5, 212),
(418, 5, 313),
(418, 6, 212),
(418, 6, 313),
(419, 0, 115),
(419, 1, 115),
(419, 4, 115),
(419, 5, 115),
(420, 0, 313),
(420, 1, 313),
(420, 2, 313),
(420, 3, 313),
(420, 4, 313),
(420, 5, 313),
(420, 6, 313),
(421, 0, 411),
(421, 1, 411),
(421, 4, 411),
(421, 5, 411),
(422, 0, 412),
(422, 3, 412),
(422, 6, 412),
(423, 0, 111),
(423, 0, 313),
(423, 1, 112),
(423, 1, 313),
(423, 2, 111),
(423, 2, 112),
(423, 2, 313),
(423, 3, 313),
(423, 4, 112),
(423, 4, 313),
(423, 5, 112),
(423, 5, 313),
(423, 6, 112),
(423, 6, 313),
(424, 0, 313),
(424, 0, 1145),
(424, 1, 313),
(424, 2, 313),
(424, 2, 1145),
(424, 3, 313),
(424, 4, 313),
(424, 5, 313),
(424, 6, 313),
(424, 6, 1145),
(425, 0, 111),
(425, 0, 313),
(425, 1, 313),
(425, 2, 313),
(425, 3, 111),
(425, 3, 313),
(425, 4, 313),
(425, 5, 111),
(425, 5, 313),
(425, 6, 111),
(425, 6, 313),
(426, 0, 411),
(426, 2, 411),
(426, 4, 411),
(426, 6, 411);

--
-- Indexes for dumped tables
--

--
-- Indexes for table `Class`
--
ALTER TABLE `Class`
  ADD PRIMARY KEY (`classid`),
  ADD UNIQUE KEY `classname` (`classname`);

--
-- Indexes for table `GemReward`
--
ALTER TABLE `GemReward`
  ADD PRIMARY KEY (`gemid`,`classid`),
  ADD KEY `GemReward_fk1` (`classid`),
  ADD KEY `GemReward_fk2` (`questid`);

--
-- Indexes for table `Gems`
--
ALTER TABLE `Gems`
  ADD PRIMARY KEY (`gemid`),
  ADD UNIQUE KEY `gemName` (`gemName`);

--
-- Indexes for table `GemsVendor`
--
ALTER TABLE `GemsVendor`
  ADD PRIMARY KEY (`gemid`,`classid`,`questid`) USING BTREE,
  ADD KEY `GemsVendor_fk1` (`classid`),
  ADD KEY `GemsVendor_fk2` (`questid`);
COMMIT;

